domain,name,has_location_evidence,reachable,source_url,http_status,recovered
agdna.com,AgDNA,false,false,,,false
agtechcentral.com.au,AgTech Central,false,false,,,false
aiml.adelaide.edu.au,Australian Institute for Machine Learning,false,false,,,false
albanywaveenergy.com.au,Albany Wave Energy Tech,false,false,,,false
alicespringssolar.com.au,Alice Springs Solar Desert Tech,false,false,,,false
amidatech.com.au,Amida Technology,false,false,,,false
arnhemspace.com.au,Arnhem Space Tech,false,false,,,false
athertonagtech.com.au,Atherton Tablelands Agtech,false,false,,,false
awdigitalhealth.com.au,Albury Wodonga Digital Health,false,false,,,false
azured.com.au,Azured,false,false,,,false
bairnsdalemarine.com.au,Bairnsdale Marine Sensors,false,false,,,false
ballaratcloud.com.au,Ballarat Cloud Solutions,false,false,,,false
ballaratsolar.com.au,Ballarat Solar Tech,false,false,http://ballaratsolar.com.au,200,true
ballinacloud.com.au,Ballina Cloud Systems,false,false,,,false
barossawinedigital.com.au,Barossa Wine Digital,false,false,,,false
bellbayhydrogen.com.au,Bell Bay Clean Hydrogen Digital,false,false,,,false
bionomics.com.au,Bionomics,false,false,http://www.bionomics.com.au,409,true
bowenbasin.com.au,Bowen Basin Telematics,false,false,,,false
broomepearl.com.au,Broome Pearl BioSensors,false,false,http://broomepearl.com.au,409,true
bundabergbrewtech.com.au,Bundaberg Brew Tech,false,false,,,false
burniecomposites.com.au,Burnie Advanced Composites,false,false,,,false
busseltonviti.com.au,Busselton Viticulture Sensors,false,false,,,false
cabooltureagsystems.com.au,Caboolture Ag Systems,false,false,,,false
caradvice.com.au,Caradvice,false,false,https://www.drive.com.au/,403,true
castlemaineengineering.com.au,Castlemaine Engineering Tech,false,false,,,false
cedunasatellite.com.au,Ceduna Satellite Earth Station,false,false,,,false
centralwestsolar.com.au,Central West Solar IoT,false,false,,,false
chinchillagas.com.au,Chinchilla Gas Telemetry,false,false,,,false
clarevalleytech.com.au,Clare Valley Viticulture Tech,false,false,,,false
cogbi.com.au,CogBI Analytics,false,false,,,false
cogent.co,Cogent,false,false,,,false
cogitogroup.com.au,Cogito Group,false,false,https://cogitogroup.com.au/,404,true
copperstringdigital.com.au,CopperString Digital,false,false,,,false
coupa.com,Coupa Software AU,false,false,https://www.coupa.com,403,true
csl.com,CSL Limited,false,false,https://www.csl.com,429,true
cyban.com.au,Cyban,false,false,http://wavewise.com/,202,true
dandenongrobotics.com.au,Dandenong Robotics Centre,false,false,,,false
datamesh.com.au,DataMesh,false,false,http://datamesh.com.au,503,true
datanzo.com.au,Datanzo,false,false,,,false
deakinmarinetech.com.au,Deakin Marine Tech Warrnambool,false,false,,,false
devonportagtech.com.au,Devonport Agricultural Automation,false,false,,,false
dextro.com.au,Dextro,false,false,https://www.dextro.com.au/landing,404,true
eaglehawksoftware.com.au,Eaglehawk Software,false,false,,,false
easygo.gg,Easygo Gaming,false,false,,,false
envirofibre.com.au,ENVIROFIBRE Tech,false,false,,,false
esperancegrain.com.au,Esperance Grain Logistics,false,false,,,false
farnorthtelemetry.com.au,Far North Telemetry,false,false,,,false
fedunitechpark.com.au,Federation Tech Park,false,false,,,false
fincast.io,Fincast,false,false,,,false
finpo.com.au,Finpo,false,false,,,false
flexigroup.com.au,FlexiGroup,false,false,https://www.shophumm.com/humm-group/,200,true
forestryse.com.au,Forestry South East Telemetry,false,false,,,false
frankstonhealthtech.com.au,Frankston Healthtech Lab,false,false,,,false
fremantlesubsea.com.au,Fremantle Subsea Robotics,false,false,,,false
gcroboticshub.com.au,Gold Coast Robotics Hub,false,false,,,false
geelongaerospace.com.au,Geelong Aerospace Sensors,false,false,,,false
geolyse.com,Geolyse Tech,false,false,,,false
geraldtonwind.com.au,Geraldton Wind Robotics,false,false,,,false
getconga.com,Conga AU,false,false,,,false
gladstonehydrogen.com.au,Gladstone Hydrogen Telemetry,false,false,,,false
goanna.ag,Goanna Ag,false,false,http://goanna.ag,200,true
goulburnglass.com.au,Goulburn River Glass Tech,false,false,,,false
greenpowerenergy.com.au,GreenPower Energy,false,false,,,false
gvtelemetry.com.au,Goulburn Valley Telemetry,false,false,,,false
gympietimbertech.com.au,Gympie Timber Tech,false,false,,,false
harvestroad.com.au,Harvest Road,false,false,,,false
hendersondefence.com.au,Henderson Marine Defence,false,false,,,false
herveybaymarine.com.au,Hervey Bay Marine Electronics,false,false,,,false
hiveuav.com,HiveUAV,false,false,https://www.hugedomains.com/domain_profile.cfm?d=hiveuav.com,200,true
hunterhydrogentech.com.au,Hunter Hydrogen Tech,false,false,,,false
hydronautics.com.au,Hydronautics,false,false,,,false
hyperdigital.com.au,Hyper Digital,false,false,,,false
hypersensesoftware.com.au,Hypersense Software,false,false,,,false
imgmaterials.com,Imagine Intelligent Materials,false,false,,,false
intellicheck.com.au,Intellicheck,false,false,,,false
intellihr.com,IntelliHR,false,false,,,false
intergraph.com.au,Intergraph AU,false,false,http://intergraph.com.au,200,true
ipswichdefenserobotics.com.au,Ipswich Defense Robotics,false,false,,,false
jcumaredeptech.com.au,JCU Marine Deeptech,false,false,,,false
joii.com.au,Joii,false,false,,,false
joondalupcyber.com.au,Joondalup Cyber Academy Tech,false,false,,,false
joust.com.au,Joust,false,false,,,false
kalgoorliemining.com.au,Kalgoorlie Mine Automation,false,false,http://kalgoorliemining.com.au,404,true
kiralearning.com,Kira Learning,false,false,,,false
kwinanadigitaltwin.com.au,Kwinana Industrial Digital Twin,false,false,,,false
latrobevalleynetwork.com.au,Latrobe Valley Engineering Tech,false,false,,,false
livestockwatersolutions.com.au,Livestock Water Solutions,false,false,,,false
livetiles.nyc,LiveTiles,false,false,,,false
locqus.com,Locqus,false,false,https://locqus.com/,200,true
logancleantech.com.au,Logan Cleantech Energy,false,false,,,false
lumafinancialtech.com,Luma Financial Technologies,false,false,,,false
lumilighting.com.au,Lumi,false,false,,,false
luminary.com.au,Luminary,false,false,,,false
mackayminingtech.com.au,Mackay Autonomous Mining,false,false,,,false
mandurahenviro.com.au,Mandurah Environmental IoT,false,false,,,false
maroochydoresmartcity.com.au,Maroochydore Smart City IoT,false,false,,,false
maryboroughrail.com.au,Maryborough Rail Robotics,false,false,,,false
me3d.com.au,Me3D,false,false,http://me3d.com.au,403,true
mesoblast.com,Mesoblast,false,false,https://www.mesoblast.com,403,true
midlandrail.com.au,Midland Rail Automation,false,false,,,false
mildurafruittech.com.au,Mildura Fruit Tech,false,false,,,false
monash.edu,Monash MedTech,false,false,https://www.monash.edu,403,true
mpcleantech.com.au,Mornington Peninsula Cleantech,false,false,,,false
ncs.com.au,NCS Group,false,false,http://ncs.com.au,200,true
netapp.com,NetApp AU,false,false,https://www.netapp.com,403,true
newmanmining.com.au,Newman Mining Telemetry,false,false,,,false
ningaloomarine.com.au,Ningaloo Marine Telemetry,false,false,,,false
noosabiosphere.com.au,Noosa Biosphere Tech,false,false,http://noosabiosphere.com.au,200,true
northambroadacre.com.au,Northam Broadacre Tech,false,false,,,false
northeasttelco.com.au,North East Telco,false,false,,,false
ntfleet.com.au,NT Fleet Telematics,false,false,,,false
nura.com,Nura,false,false,,,false
personifycare.com,Personify Care,false,false,https://personifycare.com/,200,true
pilbaraminingtech.com.au,Pilbara Autonomous Mining,false,false,,,false
portaugustasolar.com.au,Port Augusta Solar Thermal,false,false,,,false
porthedlandmaritime.com.au,Port Hedland Maritime Radar,false,false,,,false
realtimenetworks.com.au,RealTime Networks,false,false,,,false
redlandmarine.com.au,Redland Marine BioSensors,false,false,,,false
rezdy.com,Rezdy,false,false,,,false
rezeco.com.au,Rezeco,false,false,,,false
rezola.com.au,Rezola,false,false,,,false
riverlandirrigation.com.au,Riverland Irrigation IoT,false,false,http://riverlandirrigation.com.au,200,true
rmeglobal.com,Russell Mineral Equipment Tech,false,false,https://www.rmeglobal.com,200,true
robinahealthtech.com.au,Robina Healthtech Solutions,false,false,,,false
romapastoral.com.au,Roma Pastoral Tech,false,false,,,false
roxbydownstech.com.au,Roxby Downs Remote Mining,false,false,,,false
scenegroup.com.au,Scene Group Tech,false,false,,,false
sealite.com.au,Sealite,false,false,,,false
sievertlarsen.com,Sievert Larsen,false,false,,,false
skyfii.com,Skyfii,false,false,,,false
smartcitiesiot.com.au,Smart Cities IoT Australia,false,false,,,false
smartfarmune.com.au,SMART Farm UNE,false,false,,,false
snapsend.com.au,SnapSend,false,false,https://www.snapsendsolve.com/,200,true
sol-secure.com.au,Sol-Secure,false,false,,,false
somnomed.com.au,SomnoMed,false,false,https://somnomed.com/au/,200,true
southerncrosscomputing.com.au,Southern Cross Computing,false,false,,,false
southernriverinaiot.com.au,Southern Riverina IoT,false,false,,,false
southwestagtech.com.au,South West Agtech Bunbury,false,false,,,false
southwestiot.com.au,South West IoT,false,false,,,false
spookfish.com,Spookfish Geospatial,false,false,,,false
sproutx.com.au,SproutX Regional Tech,false,false,http://www.sproutx.com.au/,200,true
stanthorpeappletech.com.au,Stanthorpe Apple Tech,false,false,,,false
starpharma.com,Starpharma,false,false,https://www.starpharma.com,429,true
steller.com.au,Steller,false,false,http://steller.com.au,200,true
subiacocloud.com.au,Subiaco Cloud Technologies,false,false,,,false
subzerorobotics.com.au,Subzero Robotics,false,false,,,false
sunitafe.edu.au,SuniTAFE Smart Farm,false,false,https://www.sunitafe.edu.au,200,true
sunraysiasolar.com.au,Sunraysia Solar Telemetry,false,false,http://sunraysiasolar.com.au/404.html,404,true
thindata.com.au,Thindata,false,false,,,false
tideways.com.au,Tideways,false,false,https://www.tideways.com.au,202,true
tonsleycleanenergy.com.au,Tonsley Clean Energy Tech,false,false,,,false
townsvilleporttech.com.au,Townsville Port Telemetry,false,false,,,false
trace.io,Trace Together AU,false,false,,,false
ubercarshare.com,Uber Carshare,false,false,https://www.uber.com/au/en/u/uber-rent/,406,true
varsitylakescloud.com.au,Varsity Lakes Cloud Lab,false,false,,,false
verida.io,Verida,false,false,,,false
versarien.com,Versarien AU,false,false,,,false
verto.com.au,Verto,false,false,https://vertoconsulting.com.au/,200,true
victorharborsensors.com.au,Victor Harbor Coastal Sensors,false,false,,,false
violetx.com.au,VioletX,false,false,,,false
weipamaritime.com.au,Weipa Maritime Logistics,false,false,,,false
wettropicsbiosensors.com.au,Wet Tropics BioSensors,false,false,,,false
whyallagreensteel.com.au,Whyalla Green Steel Tech,false,false,,,false
xplicit.com.au,Xplicit,false,false,,,false
yarravalleycloud.com.au,Yarra Valley Cloud Systems,false,false,,,false
zeroco.com.au,Zero Co,false,false,https://zeroco.com.au/,404,true
