domain,name,source_url,address_candidate
agridigital.io,Agridigital,https://www.agridigital.io/contact,"167 Brisbane Street, Dubbo, NSW"
anataralifesciences.com,Anatara Lifesciences,https://anataralifesciences.com/contact/,"81 Flinders Street, Adelaide SA 5000"
archerx.com.au,Archer Materials,https://www.archerx.com.au/,477 Pitt Street Haymarket NSW 2000
archerx.com.au,Archer Materials,https://www.archerx.com.au/contact-us,477 Pitt Street Haymarket NSW 2000
assemblypayments.com,Assembly Payments,https://www.hellozai.com/contact-us,"121 Castlereagh Street Sydney, NSW"
bartondeakin.com,Barton Deakin,https://bartondeakin.com/contact/,"1 Shelley Street Barangaroo, NSW"
bartondeakin.com,Barton Deakin,https://bartondeakin.com/contact/,"2 Southbank Boulevard, Southbank VIC 3006"
bartondeakin.com,Barton Deakin,https://bartondeakin.com/contact/,"556 Wellington Street, Perth WA 6000"
boomaroo.com,Boomaroo Tech,https://boomaroo.com/contact/,"142 Harelmar Road, Southbrook, QLD 4363"
cim.io,CIM Tech,https://www.cim.io/contact,"156 Clarence Street, Sydney NSW 2000"
dimerix.com,Dimerix,https://dimerix.com/contact/,425 Smith Street Fitzroy VIC 3065
geneticsignatures.com,Genetic Signatures,https://geneticsignatures.com/au/,"7 Eliza Street Newtown, NSW"
geneticsignatures.com,Genetic Signatures,https://geneticsignatures.com/au/contact/,"7 Eliza Street Newtown, NSW"
geographe.com.au,Geographe,https://geographe.com.au/contact,"480 Abernethy Road, Kewdale, WA 6105"
geographe.com.au,Geographe,https://geographe.com.au/contact,"57 Craigie Street, Davenport WA 6230"
inauro.com.au,Inauro,https://www.inauro.com.au/,"644 Chapel Street, South Yarra, VIC"
inauro.com.au,Inauro,https://www.inauro.com.au/contact-us,"644 Chapel Street, South Yarra, VIC"
kablamo.com.au,Kablamo,https://www.kablamo.com.au/contact,20 York Street Sydney NSW 2000
kablamo.com.au,Kablamo,https://www.kablamo.com.au/,"20 York Street, Sydney NSW 2000"
legalvision.com.au,Legalvision,https://legalvision.com.au/,221 St Georges Terrace Perth WA 6000
legalvision.com.au,Legalvision,https://legalvision.com.au/contact-us/,221 St Georges Terrace Perth WA 6000
legalvision.com.au,Legalvision,https://legalvision.com.au/,241 Commonwealth Street Surry Hills NSW 2010
legalvision.com.au,Legalvision,https://legalvision.com.au/contact-us/,241 Commonwealth Street Surry Hills NSW 2010
legalvision.com.au,Legalvision,https://legalvision.com.au/,71 Eagle Street Brisbane QLD 4000
legalvision.com.au,Legalvision,https://legalvision.com.au/contact-us/,71 Eagle Street Brisbane QLD 4000
moula.com.au,Moula Money,https://moula.com.au/contact-us,"535 Bourke Street, Melbourne, VIC 3000"
mountisaminerals.com.au,Mount Isa Mineral Sensors,https://www.mountisaminerals.com.au/,339 Coronation Drive Milton QLD 4064
mountisaminerals.com.au,Mount Isa Mineral Sensors,https://www.mountisaminerals.com.au/contact/,339 Coronation Drive Milton QLD 4064
murrayirrigation.com.au,Murray Irrigation Tech,https://www.murrayirrigation.com.au/contact-us,443 Charlotte Street Deniliquin NSW 2710
opmantek.com,Opmantek Software,https://firstwave.com/contact/,50 Cavill Avenue Surfers Paradise QLD 4217
opthea.com,Opthea,https://ceryvyn.com/,"117 Camberwell Road, Hawthorn East VIC 3123"
opthea.com,Opthea,https://ceryvyn.com/contact/,"117 Camberwell Road, Hawthorn East VIC 3123"
pepperstone.com,Pepperstone,https://pepperstone.com/en-au/support,"727 Collins Street, Melbourne, VIC 3008"
pepperstone.com,Pepperstone,https://pepperstone.com/en-au/support/contact-us,"727 Collins Street, Melbourne, VIC 3008"
planetinnovation.com.au,Planet Innovation,https://planetinnovation.com/contact/,436 Elgar Rd Box Hill VIC 3128
rayner.com.au,Rayner,https://www.rayner.com.au/,25 Money Street Perth WA 6000
rayner.com.au,Rayner,https://www.rayner.com.au/contact-us/,25 Money Street Perth WA 6000
scancam.com.au,Scancam,https://sensen.ai/company/contact/,"140 St Georges Terrace, Perth, WA"
scancam.com.au,Scancam,https://sensen.ai/company/contact/,"3 Spring St, Sydney, NSW 2000"
scancam.com.au,Scancam,https://sensen.ai/company/contact/,"570 City Rd, South Melbourne, VIC 3205"
scancam.com.au,Scancam,https://sensen.ai/fuel-theft-prevention/,"570 City Rd, South Melbourne, VIC 3205"
splend.com.au,Splend Tech,https://www.splend.com/contact-us/,"101 Stirling Highway, Nedlands, WA"
splend.com.au,Splend Tech,https://www.splend.com/contact-us/,"14 Wormald Street, Symonston, ACT 2609"
splend.com.au,Splend Tech,https://www.splend.com/contact-us/,"29 Croydon Road, Keswick SA 5035"
splend.com.au,Splend Tech,https://www.splend.com/contact-us/,"35 Brolga Ave, Southport, QLD 4215"
splend.com.au,Splend Tech,https://www.splend.com/contact-us/,"453 Beaudesert Road, Moorooka, QLD 4105"
vantage-dc.com,Vantage Data Centres,https://vantage-dc.com/company/contact-us/,"2101 M Street NE Quincy, WA"
vapar.co,VAPAR,https://www.vapar.co/,"11 Grosvenor Street, Neutral Bay NSW AU 2089"
vapar.co,VAPAR,https://www.vapar.co/contact-us,"11 Grosvenor Street, Neutral Bay NSW AU 2089"
versent.com.au,Versent,https://versent.com.au/contact/,"111 Elizabeth St, Sydney NSW 2000"
versent.com.au,Versent,https://versent.com.au/contact/,"17/125 St Georges Terrace, Perth, WA 6000"
versent.com.au,Versent,https://versent.com.au/contact/,"19/8 Exhibition Street, Melbourne, VIC 3000"
versent.com.au,Versent,https://versent.com.au/contact/,"4/275 George St, Brisbane City, QLD 4000"
vixtechnology.com,Vix Technology,https://vixtechnology.com/,550 Bourke Street Melbourne VIC 3000
vixtechnology.com,Vix Technology,https://vixtechnology.com/contact-us/,550 Bourke Street Melbourne VIC 3000
xref.com,Xref,https://www.xref.com/,"135 King Street, Sydney NSW 2000"
xref.com,Xref,https://www.xref.com/contact-us,"135 King Street, Sydney NSW 2000"
xref.com,Xref,https://www.xref.com/support,"135 King Street, Sydney NSW 2000"
yarno.com.au,Yarno,https://www.yarno.com.au/contact-us,275 Alfred St North Sydney NSW 2060
yarno.com.au,Yarno,https://www.yarno.com.au/,"275 Alfred St, North Sydney, NSW 2060"
yarno.com.au,Yarno,https://www.yarno.com.au/contact-us,"275 Alfred St, North Sydney, NSW 2060"
yarno.com.au,Yarno,https://www.yarno.com.au/support,"275 Alfred St, North Sydney, NSW 2060"
