domain,name,current_ambiguous_input
academyxi.com,Academy Xi,"George Street, Sydney NSW 2000, Australia"
accesspay.com.au,AccessPay,"Queen Street, Brisbane QLD 4000, Australia"
aerobotics.com,Aerobotics,"George Street, Sydney NSW 2000, Australia"
aerologix.com,Aerologix,"Queen Street, Brisbane QLD 4000, Australia"
agdna.com,AgDNA,"Macquarie Street, Dubbo NSW 2830, Australia"
agiledigital.com.au,Agile Digital,"University Avenue, Canberra ACT 2601, Australia"
agora.io,Agora,"George Street, Sydney NSW 2000, Australia"
agtechcentral.com.au,AgTech Central,"Ruthven Street, Toowoomba QLD 4350, Australia"
aiml.adelaide.edu.au,Australian Institute for Machine Learning,"North Terrace, Adelaide SA 5000, Australia"
albanywaveenergy.com.au,Albany Wave Energy Tech,"York Street, Albany WA 6330, Australia"
alembic.com.au,Alembic Strategy,"Collins Street, Melbourne VIC 3000, Australia"
amidatech.com.au,Amida Technology,"St Georges Terrace, Perth WA 6000, Australia"
ampere.energy,Ampere Energy,"Collins Street, Melbourne VIC 3000, Australia"
arcoplatform.com,Arco Platform,"George Street, Sydney NSW 2000, Australia"
arloid.com,Arloid Automation,"George Street, Sydney NSW 2000, Australia"
arnhemspace.com.au,Arnhem Space Tech,"Chesterfield Circuit, Nhulunbuy NT 0880, Australia"
astutepayroll.com,Astute Payroll,"George Street, Sydney NSW 2000, Australia"
athertonagtech.com.au,Atherton Tablelands Agtech,"Main Street, Atherton QLD 4883, Australia"
austeng.net.au,Austeng Tech,"Tucker Street, Breakwater VIC 3219, Australia"
autoguru.com.au,AutoGuru,"Queen Street, Brisbane QLD 4000, Australia"
awdigitalhealth.com.au,Albury Wodonga Digital Health,"High Street, Wodonga VIC 3690, Australia"
azured.com.au,Azured,"Queen Street, Brisbane QLD 4000, Australia"
baesystems.com,BAE Systems Digital SA,"West Avenue, Edinburgh SA 5111, Australia"
bairnsdalemarine.com.au,Bairnsdale Marine Sensors,"Main Street, Bairnsdale VIC 3875, Australia"
ballaratcloud.com.au,Ballarat Cloud Solutions,"Lydiard Street, Ballarat VIC 3350, Australia"
ballaratsolar.com.au,Ballarat Solar Tech,"Sturt Street, Ballarat VIC 3350, Australia"
ballinacloud.com.au,Ballina Cloud Systems,"River Street, Ballina NSW 2478, Australia"
barossawinedigital.com.au,Barossa Wine Digital,"Murray Street, Tanunda SA 5352, Australia"
beamery.com,Beamery,"George Street, Sydney NSW 2000, Australia"
beefledger.io,BeefLedger,"Peel Street, Tamworth NSW 2340, Australia"
behavox.com,Behavox AU,"George Street, Sydney NSW 2000, Australia"
bellbayhydrogen.com.au,Bell Bay Clean Hydrogen Digital,"Bell Bay Road, Bell Bay TAS 7253, Australia"
bendigotelco.com.au,Bendigo Telco Tech,"High Street, Bendigo VIC 3550, Australia"
bionomics.com.au,Bionomics,"Dalgleish Street, Thebarton SA 5031, Australia"
bowenbasin.com.au,Bowen Basin Telematics,"Clermont Street, Emerald QLD 4720, Australia"
braiins.com,Braiins,"George Street, Sydney NSW 2000, Australia"
broomepearl.com.au,Broome Pearl BioSensors,"Chinatown, Carnarvon Street, Broome WA 6725, Australia"
buildpass.com.au,Buildpass,"George Street, Sydney NSW 2000, Australia"
bundabergbrewtech.com.au,Bundaberg Brew Tech,"Bargara Road, Bundaberg QLD 4670, Australia"
burniecomposites.com.au,Burnie Advanced Composites,"Mount Street, Burnie TAS 7320, Australia"
busseltonviti.com.au,Busselton Viticulture Sensors,"Queen Street, Busselton WA 6280, Australia"
cabooltureagsystems.com.au,Caboolture Ag Systems,"King Street, Caboolture QLD 4510, Australia"
canstar.com.au,Canstar,"Queen Street, Brisbane QLD 4000, Australia"
caradvice.com.au,Caradvice,"Collins Street, Melbourne VIC 3000, Australia"
carbonlink.com.au,CarbonLink,"George Street, Sydney NSW 2000, Australia"
castlemaineengineering.com.au,Castlemaine Engineering Tech,"Barker Street, Castlemaine VIC 3450, Australia"
cea.com.au,CEA Technologies,"Gladstone Street, Fyshwick ACT 2609, Australia"
cedunasatellite.com.au,Ceduna Satellite Earth Station,"Eyre Highway, Ceduna SA 5690, Australia"
centralvicsolar.com.au,Central Victorian Solar IoT,"Pall Mall, Bendigo VIC 3550, Australia"
centralwestsolar.com.au,Central West Solar IoT,"William Street, Bathurst NSW 2795, Australia"
chinchillagas.com.au,Chinchilla Gas Telemetry,"Heeney Street, Chinchilla QLD 4413, Australia"
cityzen.com.au,Cityzen Tech,"Bundall Road, Bundall QLD 4217, Australia"
civx.com.au,CivX,"King William Street, Adelaide SA 5000, Australia"
clarevalleytech.com.au,Clare Valley Viticulture Tech,"Main North Road, Clare SA 5453, Australia"
clevertar.com,Clevertar,"King William Street, Adelaide SA 5000, Australia"
clinuvel.com,Clinuvel Pharmaceuticals,"Swanston Street, Melbourne VIC 3000, Australia"
coastr.com,Coastr Technology,"Marine Parade, Southport QLD 4215, Australia"
cogbi.com.au,CogBI Analytics,"North Terrace, Adelaide SA 5000, Australia"
cogent.co,Cogent,"Swan Street, Richmond VIC 3121, Australia"
cogitogroup.com.au,Cogito Group,"London Circuit, Canberra City ACT 2601, Australia"
compumedics.com.au,Compumedics,"Victoria Street, Abbotsford VIC 3067, Australia"
copperstringdigital.com.au,CopperString Digital,"Flinders Street, Townsville QLD 4810, Australia"
corelogic.com.au,CoreLogic AU,"George Street, Sydney NSW 2000, Australia"
coupa.com,Coupa Software AU,"George Street, Sydney NSW 2000, Australia"
creditorwatch.com.au,Creditor Watch,"George Street, Sydney NSW 2000, Australia"
csl.com,CSL Limited,"Poplar Road, Parkville VIC 3052, Australia"
curationcorp.com,Curation Corp,"George Street, Sydney NSW 2000, Australia"
cvcheck.com,CVCheck Tech,"Hasler Road, Osborne Park WA 6017, Australia"
cyban.com.au,Cyban,"St Georges Terrace, Perth WA 6000, Australia"
cyclopharm.com.au,Cyclopharm,"Commercial Road, Kingsgrove NSW 2208, Australia"
dandenongrobotics.com.au,Dandenong Robotics Centre,"Cheltenham Road, Dandenong VIC 3175, Australia"
datamesh.com.au,DataMesh,"Collins Street, Melbourne VIC 3000, Australia"
datanzo.com.au,Datanzo,"George Street, Sydney NSW 2000, Australia"
deakinmarinetech.com.au,Deakin Marine Tech Warrnambool,"Princes Highway, Warrnambool VIC 3280, Australia"
devonportagtech.com.au,Devonport Agricultural Automation,"Rooke Street, Devonport TAS 7310, Australia"
dextro.com.au,Dextro,"Collins Street, Melbourne VIC 3000, Australia"
divipay.com.au,Divipay,"George Street, Sydney NSW 2000, Australia"
dremio.com,Dremio (Australia Hub),"North Terrace, Adelaide SA 5000, Australia"
eaglehawksoftware.com.au,Eaglehawk Software,"Victoria Street, Eaglehawk VIC 3556, Australia"
easygo.gg,Easygo Gaming,"Collins Street, Melbourne VIC 3000, Australia"
endua.com,Endua,"Kerry Road, Archerfield QLD 4108, Australia"
entegy.com.au,Entegy,"Collins Street, Melbourne VIC 3000, Australia"
envirofibre.com.au,ENVIROFIBRE Tech,"Enterprise Street, Kunda Park QLD 4556, Australia"
esperancegrain.com.au,Esperance Grain Logistics,"Dempster Street, Esperance WA 6450, Australia"
euclideon.com,Euclideon,"Queen Street, Brisbane QLD 4000, Australia"
faethm.ai,Faethm AI,"George Street, Sydney NSW 2000, Australia"
familyzone.com,Family Zone Tech,"Kings Park Road, West Perth WA 6005, Australia"
farnorthtelemetry.com.au,Far North Telemetry,"Grafton Street, Cairns QLD 4870, Australia"
fedunitechpark.com.au,Federation Tech Park,"University Drive, Mount Helen VIC 3350, Australia"
ferocia.com.au,Ferocia,"Collins Street, Melbourne VIC 3000, Australia"
ferronova.com.au,Ferronova,"King William Street, Adelaide SA 5000, Australia"
fincast.io,Fincast,"George Street, Sydney NSW 2000, Australia"
finpo.com.au,Finpo,"George Street, Sydney NSW 2000, Australia"
fletch.ai,Fletch AI,"Collins Street, Melbourne VIC 3000, Australia"
fluidly.com,Fluidly AU,"Collins Street, Melbourne VIC 3000, Australia"
fologram.com,Fologram,"Flinders Street, Melbourne VIC 3000, Australia"
forestryse.com.au,Forestry South East Telemetry,"Commercial Street, Mount Gambier SA 5290, Australia"
frankstonhealthtech.com.au,Frankston Healthtech Lab,"Nepean Highway, Frankston VIC 3199, Australia"
fremantlesubsea.com.au,Fremantle Subsea Robotics,"Cliff Street, Fremantle WA 6160, Australia"
gcroboticshub.com.au,Gold Coast Robotics Hub,"Nerang Street, Southport QLD 4215, Australia"
geelongaerospace.com.au,Geelong Aerospace Sensors,"Station Street, North Shore VIC 3214, Australia"
geographe.com.au,Geographe,"Queen Street, Busselton WA 6280, Australia"
geolyse.com,Geolyse Tech,"Kite Street, Orange NSW 2800, Australia"
geraldtonwind.com.au,Geraldton Wind Robotics,"Marine Terrace, Geraldton WA 6530, Australia"
getconga.com,Conga AU,"George Street, Sydney NSW 2000, Australia"
gippswater.com.au,Gippsland Water Digital,"Hazelwood Road, Traralgon VIC 3844, Australia"
givengineering.com,GivEngineering,"Argyle Street, Fitzroy VIC 3065, Australia"
gladstonehydrogen.com.au,Gladstone Hydrogen Telemetry,"Goondoon Street, Gladstone QLD 4680, Australia"
goanna.ag,Goanna Ag,"Margaret Street, Toowoomba QLD 4350, Australia"
goodpairdays.com,Good Pair Days,"Dunning Avenue, Rosebery NSW 2018, Australia"
goulburnglass.com.au,Goulburn River Glass Tech,"Emily Street, Seymour VIC 3660, Australia"
greatwrap.co,Great Wrap,"Tullamarine, Tullamarine VIC 3043, Australia"
greenpowerenergy.com.au,GreenPower Energy,"St Georges Terrace, Perth WA 6000, Australia"
gretel.ai,Gretel.ai,"George Street, Sydney NSW 2000, Australia"
greyinnovation.com,Grey Innovation,"Cremorne Street, Cremorne VIC 3121, Australia"
groundbreaker.co,Groundbreaker,"Queen Street, Brisbane QLD 4000, Australia"
gvtelemetry.com.au,Goulburn Valley Telemetry,"Wyndham Street, Shepparton VIC 3630, Australia"
gympietimbertech.com.au,Gympie Timber Tech,"Mary Street, Gympie QLD 4570, Australia"
haikudeck.com,Haiku Deck AU,"George Street, Sydney NSW 2000, Australia"
halaxy.com,Halaxy,"Collins Street, Melbourne VIC 3000, Australia"
harvestroad.com.au,Harvest Road,"High Street, Fremantle WA 6160, Australia"
hatch.team,Hatch,"Collins Street, Melbourne VIC 3000, Australia"
hendersondefence.com.au,Henderson Marine Defence,"Cockburn Road, Henderson WA 6166, Australia"
herveybaymarine.com.au,Hervey Bay Marine Electronics,"Boat Harbour Drive, Urangan QLD 4655, Australia"
hiveuav.com,HiveUAV,"Hunter Street, Newcastle NSW 2300, Australia"
honeyflow.com.au,Flow Hive Tech,"Centennial Circuit, Byron Bay NSW 2481, Australia"
humanitix.com,Humanitix,"George Street, Sydney NSW 2000, Australia"
hunterhydrogentech.com.au,Hunter Hydrogen Tech,"Wharf Road, Newcastle NSW 2300, Australia"
hydrix.com,Hydrix Group,"Springvale Road, Mulgrave VIC 3170, Australia"
hydronautics.com.au,Hydronautics,"High Street, Fremantle WA 6160, Australia"
hylo.com,Hylo,"Collins Street, Melbourne VIC 3000, Australia"
hyperanna.com,Hyper Anna,"George Street, Sydney NSW 2000, Australia"
hyperdigital.com.au,Hyper Digital,"St Georges Terrace, Perth WA 6000, Australia"
hypersensesoftware.com.au,Hypersense Software,"Scott Street, Newcastle NSW 2300, Australia"
hypertune.com,Hypertune,"George Street, Sydney NSW 2000, Australia"
infotrack.com.au,InfoTrack,"George Street, Sydney NSW 2000, Australia"
inovor.com.au,Inovor Technologies,"North Terrace, Adelaide SA 5000, Australia"
instantscripts.com.au,InstantScripts,"Collins Street, Melbourne VIC 3000, Australia"
intelledox.com,Intelledox,"London Circuit, Canberra City ACT 2601, Australia"
intellicheck.com.au,Intellicheck,"Collins Street, Melbourne VIC 3000, Australia"
intellihr.com,IntelliHR,"Queen Street, Brisbane QLD 4000, Australia"
intergraph.com.au,Intergraph AU,"St Georges Terrace, Perth WA 6000, Australia"
intersective.com,Intersective,"George Street, Sydney NSW 2000, Australia"
intopia.digital,Intopia,"George Street, Sydney NSW 2000, Australia"
invetechgroup.com,Invetech Group,"Ricketts Road, Mount Waverley VIC 3149, Australia"
ipswichdefenserobotics.com.au,Ipswich Defense Robotics,"Brisbane Street, Ipswich QLD 4305, Australia"
jaxsta.com,Jaxsta,"George Street, Sydney NSW 2000, Australia"
jcumaredeptech.com.au,JCU Marine Deeptech,"Angus Smith Drive, Douglas QLD 4814, Australia"
joii.com.au,Joii,"Collins Street, Melbourne VIC 3000, Australia"
joondalupcyber.com.au,Joondalup Cyber Academy Tech,"Kendrew Crescent, Joondalup WA 6027, Australia"
joust.com.au,Joust,"King William Street, Adelaide SA 5000, Australia"
kalgoorliemining.com.au,Kalgoorlie Mine Automation,"Hannan Street, Kalgoorlie WA 6430, Australia"
kinexus.com.au,Kinexus,"George Street, Sydney NSW 2000, Australia"
kiralearning.com,Kira Learning,"George Street, Sydney NSW 2000, Australia"
klayo.com,Klayo,"Queen Street, Brisbane QLD 4000, Australia"
koala.com,Koala Tech,"Bourke Road, Alexandria NSW 2015, Australia"
koba.com.au,Koba Insurance,"Chapel Street, South Yarra VIC 3141, Australia"
kurrajong.com.au,Kurrajong Tech,"Chaston Street, Wagga Wagga NSW 2650, Australia"
kwinanadigitaltwin.com.au,Kwinana Industrial Digital Twin,"Mason Road, Kwinana Beach WA 6167, Australia"
laingorourke.com,Laing O Rourke Digital,"George Street, Sydney NSW 2000, Australia"
legalvision.com.au,Legalvision,"George Street, Sydney NSW 2000, Australia"
limeade.com,Limeade AU,"George Street, Sydney NSW 2000, Australia"
liminalbiosciences.com,Liminal BioSciences AU,"Collins Street, Melbourne VIC 3000, Australia"
livestockwatersolutions.com.au,Livestock Water Solutions,"Frome Street, Moree NSW 2400, Australia"
livetiles.nyc,LiveTiles,"George Street, Sydney NSW 2000, Australia"
locqus.com,Locqus,"Collins Street, Melbourne VIC 3000, Australia"
logancleantech.com.au,Logan Cleantech Energy,"Wembley Road, Logan Central QLD 4114, Australia"
longbowadvantage.com,Longbow Advantage,"Queen Street, Brisbane QLD 4000, Australia"
lumafinancialtech.com,Luma Financial Technologies,"George Street, Sydney NSW 2000, Australia"
lumilighting.com.au,Lumi,"Queen Street, Brisbane QLD 4000, Australia"
luminary.com.au,Luminary,"Collins Street, Melbourne VIC 3000, Australia"
mackayminingtech.com.au,Mackay Autonomous Mining,"Sydney Street, Mackay QLD 4740, Australia"
macquarietelecom.com,Macquarie Telecom Cloud,"George Street, Sydney NSW 2000, Australia"
mandurahenviro.com.au,Mandurah Environmental IoT,"Mandurah Terrace, Mandurah WA 6210, Australia"
marketplacer.com,Marketplacer,"Collins Street, Melbourne VIC 3000, Australia"
maroochydoresmartcity.com.au,Maroochydore Smart City IoT,"First Avenue, Maroochydore QLD 4558, Australia"
maryboroughrail.com.au,Maryborough Rail Robotics,"Bazaar Street, Maryborough QLD 4650, Australia"
maynepharma.com,Mayne Pharma Tech,"Main North Road, Salisbury SA 5108, Australia"
me3d.com.au,Me3D,"Squires Way, North Wollongong NSW 2500, Australia"
mealpal.com.au,Mealpal,"Collins Street, Melbourne VIC 3000, Australia"
mesoblast.com,Mesoblast,"Collins Street, Melbourne VIC 3000, Australia"
midfield.com.au,Midfield Automation,"Scott Street, Warrnambool VIC 3280, Australia"
midlandrail.com.au,Midland Rail Automation,"Railway Road, Midland WA 6056, Australia"
mildurafruittech.com.au,Mildura Fruit Tech,"Eighth Street, Mildura VIC 3500, Australia"
mobisolutions.com.au,Mobi Solutions,"Smith Street, Darwin NT 0800, Australia"
monash.edu,Monash MedTech,"Wellington Road, Clayton VIC 3800, Australia"
monashivf.com,Monash IVF,"Collins Street, Melbourne VIC 3000, Australia"
montu.com.au,Montu,"Collins Street, Melbourne VIC 3000, Australia"
mosh.com.au,Mosh,"George Street, Sydney NSW 2000, Australia"
mpcleantech.com.au,Mornington Peninsula Cleantech,"Barkly Street, Mornington VIC 3931, Australia"
mynd.ai,Mynd.ai,"George Street, Sydney NSW 2000, Australia"
myriota.com,Myriota,"North Terrace, Adelaide SA 5000, Australia"
ncs.com.au,NCS Group,"George Street, Sydney NSW 2000, Australia"
neighbourlytics.com,Neighbourlytics,"Collins Street, Melbourne VIC 3000, Australia"
netapp.com,NetApp AU,"George Street, Sydney NSW 2000, Australia"
neumannspace.com,Neumann Space,"Frome Road, Adelaide SA 5000, Australia"
newmanmining.com.au,Newman Mining Telemetry,"Iron Ore Parade, Newman WA 6753, Australia"
nexgen.net.au,Nexgen,"Flinders Street, Townsville QLD 4810, Australia"
ningaloomarine.com.au,Ningaloo Marine Telemetry,"Murat Road, Exmouth WA 6707, Australia"
noeticgroup.com,Noetic Group Tech,"National Circuit, Barton ACT 2600, Australia"
noosabiosphere.com.au,Noosa Biosphere Tech,"Thomas Street, Noosaville QLD 4566, Australia"
northambroadacre.com.au,Northam Broadacre Tech,"Fitzgerald Street, Northam WA 6401, Australia"
northeasttelco.com.au,North East Telco,"Faithfull Street, Wangaratta VIC 3677, Australia"
notiv.com,Notiv,"George Street, Sydney NSW 2000, Australia"
ntfleet.com.au,NT Fleet Telematics,"Stuart Highway, Winnellie NT 0820, Australia"
nura.com,Nura,"Collins Street, Melbourne VIC 3000, Australia"
octaneai.com,Octane AI,"George Street, Sydney NSW 2000, Australia"
octet.com.au,Octet,"George Street, Sydney NSW 2000, Australia"
openpay.com.au,Openpay Tech,"St Kilda Road, Melbourne VIC 3004, Australia"
pairtree.com.au,Pairtree,"George Street, Sydney NSW 2000, Australia"
partly.com,Partly,"George Street, Sydney NSW 2000, Australia"
pathzero.com,Pathzero,"George Street, Sydney NSW 2000, Australia"
pavefinance.com.au,Pave Finance,"Queen Street, Brisbane QLD 4000, Australia"
paxon.com.au,Paxon Group,"Queen Street, Brisbane QLD 4000, Australia"
paydock.com,Paydock,"Queen Street, Brisbane QLD 4000, Australia"
personifycare.com,Personify Care,"North Terrace, Adelaide SA 5000, Australia"
pilbaraminingtech.com.au,Pilbara Autonomous Mining,"Sharpe Avenue, Karratha WA 6714, Australia"
pocketed.com.au,Pocketed,"George Street, Sydney NSW 2000, Australia"
pointerra.com,Pointerra,"Adelaide Terrace, East Perth WA 6004, Australia"
polynovo.com,Polynovo,"Plummer Street, Port Melbourne VIC 3207, Australia"
portaugustasolar.com.au,Port Augusta Solar Thermal,"Highway One, Port Augusta SA 5700, Australia"
porthedlandmaritime.com.au,Port Hedland Maritime Radar,"The Esplanade, Port Hedland WA 6721, Australia"
portlincolnmarine.com.au,Port Lincoln Marine Tech,"Tasman Terrace, Port Lincoln SA 5606, Australia"
pozi.com,Pozi,"Collins Street, Melbourne VIC 3000, Australia"
precisionagriculture.com.au,Precision Agriculture Australia,"Peisley Street, Orange NSW 2800, Australia"
preezie.com,Preezie,"Collins Street, Melbourne VIC 3000, Australia"
prezzee.com,Prezzee,"George Street, Sydney NSW 2000, Australia"
procreate.com,Savage Interactive,"Elizabeth Street, North Hobart TAS 7000, Australia"
procurious.com,Procurious,"Collins Street, Melbourne VIC 3000, Australia"
promedicus.com.au,Pro Medicus,"Swan Street, Richmond VIC 3121, Australia"
pronavigator.ai,ProNavigator,"George Street, Sydney NSW 2000, Australia"
proqual.com.au,Proqual,"Queen Street, Brisbane QLD 4000, Australia"
quantium.com.au,Quantium,"George Street, Sydney NSW 2000, Australia"
quantxlabs.com,QuantX Labs,"North Terrace, Adelaide SA 5000, Australia"
realtimenetworks.com.au,RealTime Networks,"St Georges Terrace, Perth WA 6000, Australia"
redlandmarine.com.au,Redland Marine BioSensors,"Middle Street, Cleveland QLD 4163, Australia"
resmed.com,ResMed Digital,"George Street, Sydney NSW 2000, Australia"
rezdy.com,Rezdy,"George Street, Sydney NSW 2000, Australia"
rezeco.com.au,Rezeco,"King William Street, Adelaide SA 5000, Australia"
rezola.com.au,Rezola,"King William Street, Adelaide SA 5000, Australia"
riverlandirrigation.com.au,Riverland Irrigation IoT,"Ral Ral Avenue, Renmark SA 5341, Australia"
rmeglobal.com,Russell Mineral Equipment Tech,"Industrial Avenue, Toowoomba QLD 4350, Australia"
robinahealthtech.com.au,Robina Healthtech Solutions,"Robina Town Centre Drive, Robina QLD 4226, Australia"
romapastoral.com.au,Roma Pastoral Tech,"McDowall Street, Roma QLD 4455, Australia"
rosterfy.com,Rosterfy,"Collins Street, Melbourne VIC 3000, Australia"
roxbydownstech.com.au,Roxby Downs Remote Mining,"Richardson Place, Roxby Downs SA 5725, Australia"
saab.com,Saab Australia Digital,"Third Avenue, Mawson Lakes SA 5095, Australia"
samsara.com,Samsara Networks AU,"George Street, Sydney NSW 2000, Australia"
scalapay.com,Scalapay,"Squires Way, North Wollongong NSW 2500, Australia"
scenegroup.com.au,Scene Group Tech,"Pakenham Street, Fremantle WA 6160, Australia"
sealite.com.au,Sealite,"Mann Street, Gosford NSW 2250, Australia"
seerdata.com.au,Seer Data,"George Street, Sydney NSW 2000, Australia"
seqta.com.au,SEQTA Software,"Grand Boulevard, Joondalup WA 6027, Australia"
sherlok.com.au,Sherlok,"George Street, Sydney NSW 2000, Australia"
sievertlarsen.com,Sievert Larsen,"St Georges Terrace, Perth WA 6000, Australia"
silentiumdefence.com.au,Silentium Defence,"Mawson Lakes Boulevard, Mawson Lakes SA 5095, Australia"
skoolbag.com.au,Skoolbag,"George Street, Sydney NSW 2000, Australia"
skyfii.com,Skyfii,"George Street, Sydney NSW 2000, Australia"
smartcitiesiot.com.au,Smart Cities IoT Australia,"Crown Street, Wollongong NSW 2500, Australia"
smartfarmune.com.au,SMART Farm UNE,"Madgwick Drive, Armidale NSW 2350, Australia"
smartsatcrc.com,SmartSat CRC,"Frome Road, Adelaide SA 5000, Australia"
snapsend.com.au,SnapSend,"Queen Street, Brisbane QLD 4000, Australia"
sol-secure.com.au,Sol-Secure,"Clarence Street, Port Macquarie NSW 2444, Australia"
southerncrosscomputing.com.au,Southern Cross Computing,"Brisbane Street, Launceston TAS 7250, Australia"
southernriverinaiot.com.au,Southern Riverina IoT,"Cressy Street, Deniliquin NSW 2710, Australia"
southwestagtech.com.au,South West Agtech Bunbury,"Victoria Street, Bunbury WA 6230, Australia"
southwestiot.com.au,South West IoT,"Liebig Street, Warrnambool VIC 3280, Australia"
spendless.com.au,Spendless,"Queen Street, Brisbane QLD 4000, Australia"
splend.com.au,Splend Tech,"Bourke Street, Alexandria NSW 2015, Australia"
spookfish.com,Spookfish Geospatial,"St Georges Terrace, Perth WA 6000, Australia"
sportsbet.com.au,Sportsbet Tech,"Collins Street, Melbourne VIC 3000, Australia"
stanthorpeappletech.com.au,Stanthorpe Apple Tech,"Maryland Street, Stanthorpe QLD 4380, Australia"
starofthesouth.com.au,Star of the South Telemetry,"Church Street, Traralgon VIC 3844, Australia"
starpharma.com,Starpharma,"Victoria Street, Abbotsford VIC 3067, Australia"
steller.com.au,Steller,"Collins Street, Melbourne VIC 3000, Australia"
strikingly.com,Strikingly,"George Street, Sydney NSW 2000, Australia"
subiacocloud.com.au,Subiaco Cloud Technologies,"Rokeby Road, Subiaco WA 6008, Australia"
subzerorobotics.com.au,Subzero Robotics,"Harbour Drive, Coffs Harbour NSW 2450, Australia"
sunraysiasolar.com.au,Sunraysia Solar Telemetry,"Deakin Avenue, Mildura VIC 3500, Australia"
telnyx.com,Telnyx,"George Street, Sydney NSW 2000, Australia"
tether.io,Tether,"George Street, Sydney NSW 2000, Australia"
thindata.com.au,Thindata,"King William Street, Adelaide SA 5000, Australia"
tideways.com.au,Tideways,"Smith Street, Darwin NT 0800, Australia"
tillpoint.com,Tillpoint,"George Street, Sydney NSW 2000, Australia"
tillr.io,Tillr,"Queen Street, Brisbane QLD 4000, Australia"
timelio.com.au,Timelio,"Collins Street, Melbourne VIC 3000, Australia"
tonsleycleanenergy.com.au,Tonsley Clean Energy Tech,"Tonsley Boulevard, Tonsley SA 5042, Australia"
townsvilleporttech.com.au,Townsville Port Telemetry,"Benwell Road, South Townsville QLD 4810, Australia"
trace.io,Trace Together AU,"George Street, Sydney NSW 2000, Australia"
tractorventures.com,Tractor Ventures,"Collins Street, Melbourne VIC 3000, Australia"
tradesquare.com.au,TradeSquare,"William Street, Melbourne VIC 3000, Australia"
ubercarshare.com,Uber Carshare,"Harris Street, Ultimo NSW 2007, Australia"
updraft.com.au,Updraft,"Queen Street, Brisbane QLD 4000, Australia"
vantage-dc.com,Vantage Data Centres,"George Street, Sydney NSW 2000, Australia"
varsitylakescloud.com.au,Varsity Lakes Cloud Lab,"Varsity Parade, Varsity Lakes QLD 4227, Australia"
venly.io,Venly,"Collins Street, Melbourne VIC 3000, Australia"
venngroup.com,Venn Group AU,"Queen Street, Brisbane QLD 4000, Australia"
verida.io,Verida,"Queen Street, Brisbane QLD 4000, Australia"
versarien.com,Versarien AU,"George Street, Sydney NSW 2000, Australia"
victorharborsensors.com.au,Victor Harbor Coastal Sensors,"Ocean Street, Victor Harbor SA 5211, Australia"
violetx.com.au,VioletX,"St Georges Terrace, Perth WA 6000, Australia"
vocus.com.au,Vocus Group,"Collins Street, Melbourne VIC 3000, Australia"
weel.com.au,Weel,"George Street, Sydney NSW 2000, Australia"
weipamaritime.com.au,Weipa Maritime Logistics,"Commercial Avenue, Weipa QLD 4874, Australia"
wettropicsbiosensors.com.au,Wet Tropics BioSensors,"Abbott Street, Cairns QLD 4870, Australia"
whogivesacrap.org,Who Gives A Crap,"Smith Street, Collingwood VIC 3066, Australia"
whyallagreensteel.com.au,Whyalla Green Steel Tech,"Iron Knob Road, Whyalla SA 5600, Australia"
xplicit.com.au,Xplicit,"Flinders Street, Townsville QLD 4810, Australia"
yarravalleycloud.com.au,Yarra Valley Cloud Systems,"Main Street, Lilydale VIC 3140, Australia"
zeroco.com.au,Zero Co,"Hastings Street, Noosa Heads QLD 4567, Australia"
zerolatencyvr.com,Zero Latency VR,"North Melbourne, North Melbourne VIC 3051, Australia"
zutec.com,Zutec AU,"George Street, Sydney NSW 2000, Australia"
