name,domain,city,harvest_status,source_url,http_status,page_title,meta_description,diagnostic,next_action
Canstar,canstar.com.au,Brisbane,metadata_captured_needs_human_assessment,https://www.canstar.com.au/,200,"Canstar - Compare Insurance, Loans, Credit Cards & More",,,Assess this primary-source metadata before creating a seed fixture.
Marketplacer,marketplacer.com,Melbourne,metadata_captured_needs_human_assessment,https://marketplacer.com,200,"Marketplacer: Build, Scale, And Grow Your Marketplace",,,Assess this primary-source metadata before creating a seed fixture.
PropTrack,proptrack.com.au,Melbourne,metadata_captured_needs_human_assessment,https://www.proptrack.com.au/,200,Home - PropTrack,"Empower your organisation with the most effective market insights available today. PropTrack gives your business the edge through unique insights, effective market intelligence, automated and accurate valuations, and comprehensive data solutions.",,Assess this primary-source metadata before creating a seed fixture.
Butn,butn.com.au,Sydney,metadata_captured_needs_human_assessment,https://www.butn.co/,200,Butn - Embedded Invoice Finance Solutions / Business Finance For Australian Businesses.,"Butn is reinventing the way Australian cashﬂow finance works in business with simple, secure and instant finance solutions for every business need.",,Assess this primary-source metadata before creating a seed fixture.
Hivery,hivery.com,Sydney,metadata_captured_needs_human_assessment,https://www.hivery.com/,200,HIVERY: AI-driven retail optimization. Data Has A Better Idea™ | HIVERY Right Arrow Right Arrow Right Arrow Right Arrow Right Arrow Right Arrow Right Arrow Right Arrow Right Arrow Right Arrow Right Arrow Right Arrow Right Arrow Right Arrow Right Arrow Right Arrow Right Arrow Right Arrow Right Arrow Right Arrow Right Arrow Right Arrow Right Arrow Right Arrow X,HIVERY offers advanced analytics for optimizing retail assortment strategies. HIVERY uses cutting-edge AI algorithms to empower retailers and CPG brands.,,Assess this primary-source metadata before creating a seed fixture.
Euclideon,euclideon.com,Brisbane,metadata_captured_needs_human_assessment,https://www.euclideon.com/,200,404 - Page Not Found | Euclideon,The page you are looking for could not be found on Euclideon.,,Assess this primary-source metadata before creating a seed fixture.
Tether,tether.io,Sydney,metadata_captured_needs_human_assessment,https://tether.io,200,Tether | The Stable Company,"A decentralised, open, sustainable future starts here, with the technology Tether supports and creates, for us all.",,Assess this primary-source metadata before creating a seed fixture.
Tillpoint,tillpoint.com,Sydney,metadata_captured_needs_human_assessment,https://www.tillpoint.com/,200,"tillpoint - ""Streamline Transactions, Elevate Your Business.""","""Streamline Transactions, Elevate Your Business.""",,Assess this primary-source metadata before creating a seed fixture.
FlexiGroup,flexigroup.com.au,Sydney,skipped_unreachable,,,,,,Find an authoritative company source before creating a seed fixture.
Greener,greener.com.au,Brisbane,metadata_captured_needs_human_assessment,https://www.greener.com.au/,200,Mandatory Climate Reporting Software Australia | Best Carbon Accounting Software Australia,"Mandatory Climate Reporting Australia made easy with Greener. Our carbon accounting software simplifies compliance, carbon reporting, and Scope 3 emissions tracking, providing audit-ready evidence and AASB S2 compliance in weeks, not months.",,Assess this primary-source metadata before creating a seed fixture.
Raygun,raygun.com,Wellington,metadata_captured_needs_human_assessment,https://raygun.com,200,Raygun - Application Monitoring For Web & Mobile Apps,"Raygun gives you a window into how users are really experiencing your software applications. Detect, diagnose and resolve issues that are affecting end users.",,Assess this primary-source metadata before creating a seed fixture.
Creditor Watch,creditorwatch.com.au,Sydney,metadata_captured_needs_human_assessment,https://creditorwatch.com.au,200,Australia's Leading Commercial Credit Reporting Platform | CreditorWatch,"CreditorWatch helps you onboard quickly, manage credit decisions effectively and safeguard your cash flow.",,Assess this primary-source metadata before creating a seed fixture.
Joust,joust.com.au,Adelaide,skipped_unreachable,,,,,,Find an authoritative company source before creating a seed fixture.
Intellicheck,intellicheck.com.au,Melbourne,skipped_unreachable,,,,,,Find an authoritative company source before creating a seed fixture.
Assembly Payments,assemblypayments.com,Melbourne,metadata_captured_needs_human_assessment,https://www.hellozai.com/,200,Zai | Complex Online Payments Made Simple,Complex payment solutions for businesses with all-in-one payment processing and workflow automation to simplify and scale operations.,,Assess this primary-source metadata before creating a seed fixture.
Octane AI,octaneai.com,Sydney,metadata_captured_needs_human_assessment,https://octaneai.com,200,Octane AI - #1 Product Quiz Platform for Shopify | AI-Powered Recommendations,"Create personalized product quizzes that convert browsers into buyers. AI-powered recommendations, Klaviyo integration, 42% email opt-in rates. Trusted by Jones Road Beauty, ILIA & 5,000+ Shopify stores.",,Assess this primary-source metadata before creating a seed fixture.
Propeller Aero,propelleraero.com,Sydney,metadata_captured_needs_human_assessment,https://www.propelleraero.com/,200,Drone Mapping & 3D Construction Data Analytics | Propeller Aero,Explore smart surveys for earthworks and enhance your project efficiency with unified mapping and innovative analytics tools.,,Assess this primary-source metadata before creating a seed fixture.
Nura,nura.com,Melbourne,skipped_unreachable,,,,,,Find an authoritative company source before creating a seed fixture.
Judo Bank,judo.bank,Melbourne,metadata_captured_needs_human_assessment,https://www.judo.bank:443/,200,Judo Bank - We're Boldly Backing Business,,,Assess this primary-source metadata before creating a seed fixture.
Hatch,hatch.team,Melbourne,metadata_captured_needs_human_assessment,https://hatch.team,200,Hatch | Find meaning in work,"Find your match in minutes. Hatch connects you with employers who value what you bring, so you can thrive in a role that truly fits you.",,Assess this primary-source metadata before creating a seed fixture.
Partly,partly.com,Sydney,metadata_captured_needs_human_assessment,https://www.partly.com/,200,Partly | AI Infrastructure for the vehicle repair industry,"Partly connects the parts supply chain, improving efficiency and unlocking automation for everyone.",,Assess this primary-source metadata before creating a seed fixture.
Neighbourlytics,neighbourlytics.com,Melbourne,metadata_captured_needs_human_assessment,https://www.neighbourlytics.com/,200,Neighbourlytics | Tools for place managers,"Real-time lifestyle data for the community around your asset, every month. With no complex setup required, use our simple tools to identify activity hotspots, find top local amenities, or track your visitation patterns, every month.",,Assess this primary-source metadata before creating a seed fixture.
AutoGuru,autoguru.com.au,Brisbane,metadata_captured_needs_human_assessment,https://www.autoguru.com.au:443/,200,AutoGuru - Car Servicing and Repairs Made Easy AG Text Logo,"AutoGuru makes it easy to find and book the best mechanics and auto repairers online, and helps unlock efficiency and growth for automotive businesses.",,Assess this primary-source metadata before creating a seed fixture.
Skyfii,skyfii.com,Sydney,skipped_unreachable,,,,,,Find an authoritative company source before creating a seed fixture.
Rezdy,rezdy.com,Sydney,skipped_unreachable,,,,,,Find an authoritative company source before creating a seed fixture.
Laing O Rourke Digital,laingorourke.com,Sydney,metadata_captured_needs_human_assessment,https://www.laingorourke.com/,200,Laing O’Rourke,"Laing O'Rourke is an international engineering enterprise, founded on over a century and a half of experience.",,Assess this primary-source metadata before creating a seed fixture.
Intersective,intersective.com,Sydney,metadata_captured_needs_human_assessment,https://practera.com/,200,Experiential Learning & Industry Projects - Practera,Practera runs authentic industry projects that build employability. The experiential learning platform for work-integrated (AU) and work-based learning (UK).,,Assess this primary-source metadata before creating a seed fixture.
Academy Xi,academyxi.com,Sydney,metadata_captured_needs_human_assessment,https://academyxi.com,200,Academy Xi,"At Academy Xi, we help APAC's largest and most sophisticated organisations optimise performance with concise, actionable training solutions.",,Assess this primary-source metadata before creating a seed fixture.
Pathzero,pathzero.com,Sydney,metadata_captured_needs_human_assessment,https://pathzero.com,200,The single source of truth for portfolio climate data - Pathzero,"Pathzero integrates your investment data, enriches it with private and public market climate metrics, and composes it into audit-ready reporting units. It’s the single platform to manage your data journey—from initial ingestion to final disclosure.",,Assess this primary-source metadata before creating a seed fixture.
Sievert Larsen,sievertlarsen.com,Perth,skipped_unreachable,,,,,,Find an authoritative company source before creating a seed fixture.
Hydronautics,hydronautics.com.au,Fremantle,skipped_unreachable,,,,,,Find an authoritative company source before creating a seed fixture.
Aeeris,aeeris.com,Sydney,metadata_captured_needs_human_assessment,https://www.aeeris.com/,200,Aeeris | ASX | Critical Weather Event Monitoring and Reporting Search toggle Follow us on Instagram Search toggle Follow us on Instagram Search toggle Search Previous slide Next slide Follow us on Instagram,"Aeeris specialises in the protection of people, property, infrastructure and business operations. Find out how we can help you.",,Assess this primary-source metadata before creating a seed fixture.
Aerologix,aerologix.com,Brisbane,reachable_but_metadata_unavailable,https://aerologix.com,202,,,,Find an authoritative company source before creating a seed fixture.
Stax,stax.io,Sydney,metadata_captured_needs_human_assessment,https://versent.com.au/modern-run/versent-landing-zone/,200,Versent Landing Zone - Versent,,,Assess this primary-source metadata before creating a seed fixture.
Sonder,sonder.com.au,Sydney,metadata_captured_needs_human_assessment,https://sonder.com.au,200,🖥️ Digital Marketing Agency Brisbane | Sonder 🚀,"We're a digital marketing agency 🖥️ helping Brisbane based businesses climb to the first page of Google for relevant, valuable search terms. 🚀",,Assess this primary-source metadata before creating a seed fixture.
Updraft,updraft.com.au,Brisbane,metadata_captured_needs_human_assessment,https://updraft.com.au,200,updraft.com.au,,,Assess this primary-source metadata before creating a seed fixture.
LiveTiles,livetiles.nyc,Sydney,skipped_unreachable,,,,,,Find an authoritative company source before creating a seed fixture.
DataMesh,datamesh.com.au,Melbourne,skipped_unreachable,,,,,,Find an authoritative company source before creating a seed fixture.
InDebted,indebted.com,Sydney,metadata_captured_needs_human_assessment,https://www.indebted.co/,200,InDebted | The collections backbone for leading organisations,InDebted is changing the world of consumer debt recovery for good by creating a better way for businesses to support their customers to get back on track.,,Assess this primary-source metadata before creating a seed fixture.
Kinexus,kinexus.com.au,Sydney,metadata_captured_needs_human_assessment,https://www.kinexus.com.au/,200,"Kinexus | Recruitment, Employment and Industry Resourcing · Kinexus","Kinexus provides recruitment and workforce support for a wide range of industries. Specialising in the defence sector, we provide you with the intel for your...",,Assess this primary-source metadata before creating a seed fixture.
Gretel.ai,gretel.ai,Sydney,metadata_captured_needs_human_assessment,https://www.nvidia.com/en-us/use-cases/synthetic-data-generation-for-agentic-ai/,200,Synthetic Data Generation for Agentic AI | Use Case | NVIDIA NVIDIA Home Menu Menu Close Close Close Caret down icon Caret down icon Caret up icon Caret right icon Caret right icon Caret right icon Caret left icon Caret left icon Caret left icon Shopping Cart Search icon Artificial Intelligence Computing Leadership from NVIDIA,"Build SDG pipelines to power conversational AI, benchmarks, and agentic AI workflows with NVIDIA NeMo synthetic data tools.",,Assess this primary-source metadata before creating a seed fixture.
Venly,venly.io,Melbourne,metadata_captured_needs_human_assessment,https://www.venly.io/,200,Venly | Blockchain Infrastructure & Stablecoin Payments,"Build secure wallets and tokenized products with Venly, or move money globally across fiat and stablecoin rails with Venly Finance.",,Assess this primary-source metadata before creating a seed fixture.
Quantium,quantium.com.au,Sydney,metadata_captured_needs_human_assessment,https://quantium.com/,200,Quantium | AI transformation and data analytics : Quantium,Enterprise AI for complex business challenges,,Assess this primary-source metadata before creating a seed fixture.
Proqual,proqual.com.au,Brisbane,metadata_captured_needs_human_assessment,https://proqual.com.au,200,Proqual — See What You Can Build on Any Block in Victoria,"Search any Victorian address to instantly see lot dimensions, zoning rules, buildable area, and home designs that actually fit. Free for any Victorian address.",,Assess this primary-source metadata before creating a seed fixture.
Vix Technology,vixtechnology.com,Melbourne,metadata_captured_needs_human_assessment,https://vixtechnology.com,200,Vix Technology,,,Assess this primary-source metadata before creating a seed fixture.
Mynd.ai,mynd.ai,Sydney,metadata_captured_needs_human_assessment,https://www.mynd.ai/,200,"Mynd.ai, Inc. (MYND)","Seattle-based Mynd (NYSE American: MYND) is a global leader in interactive technology offering best-in-class hardware and software solutions that help organizations create and deliver dynamic content; simplify and streamline teaching, learning,…",,Assess this primary-source metadata before creating a seed fixture.
Tideways,tideways.com.au,Darwin,reachable_but_metadata_unavailable,https://tideways.com.au,202,,,,Find an authoritative company source before creating a seed fixture.
Strikingly,strikingly.com,Sydney,metadata_captured_needs_human_assessment,https://www.strikingly.com/,200,How To Make a Website – Free Website Builder | Strikingly,"Strikingly is the best free website builder for anyone to create a gorgeous, mobile-friendly website easily. Quick, simple and stylish. Make your own free website today.",,Assess this primary-source metadata before creating a seed fixture.
Jaxsta,jaxsta.com,Sydney,metadata_captured_needs_human_assessment,https://jaxsta.com,200,Jaxsta,"Jaxsta is the largest music credits database globally, sourced directly from over 380+ industry partners, including labels, publishers, and distributors.",,Assess this primary-source metadata before creating a seed fixture.
Hylo,hylo.com,Melbourne,metadata_captured_needs_human_assessment,https://www.hylo.com/,200,"Hylo — Where people get organized, stay connected, and grow together.",Hylo is the prosocial coordination platform for purpose-driven groups.,,Assess this primary-source metadata before creating a seed fixture.
PictureWealth,picturewealth.com.au,Brisbane,metadata_captured_needs_human_assessment,https://www.picturewealth.com/,200,Home,"PictureWealth connects you to financial insights and experts so you can visualise, plan and build the life you want.",,Assess this primary-source metadata before creating a seed fixture.
Humanitix,humanitix.com,Sydney,metadata_captured_needs_human_assessment,https://humanitix.com/au,200,Humanitix | Find the Best Events & Things to Do,"Find tickets to the best events happening in your city, from live concerts and festivals to free markets this weekend. Discover what's on with Humanitix.",,Assess this primary-source metadata before creating a seed fixture.
Procurious,procurious.com,Melbourne,metadata_captured_needs_human_assessment,https://www.procurious.com/,200,Procurious,"Procurement network & online news community for procurement and supply chain professionals, Procurious will help you get ahead in your career",,Assess this primary-source metadata before creating a seed fixture.
Groundbreaker,groundbreaker.co,Brisbane,metadata_captured_needs_human_assessment,https://connect.janover.co/,200,Real Estate Syndication Software | Groundbreaker is now Janover Connect | Janover Connect,"Streamline your real estate syndication, impress your investors and close deals on autopilot. Schedule a demo today!",,Assess this primary-source metadata before creating a seed fixture.
Cyban,cyban.com.au,Perth,skipped_unreachable,,,,,,Find an authoritative company source before creating a seed fixture.
Ferronova,ferronova.com.au,Adelaide,metadata_captured_needs_human_assessment,https://www.ferronova.com.au/,200,Ferronova - Ensuring everyone with cancer receives the surgery and radiotherapy they need,"FerroTrace®, a novel nanoparticle technology designed to enable accurate detection of high-risk lymph nodes and early identification of metastatic spread.",,Assess this primary-source metadata before creating a seed fixture.
Harvest Road,harvestroad.com.au,Fremantle,skipped_unreachable,,,,,,Find an authoritative company source before creating a seed fixture.
Kira Learning,kiralearning.com,Sydney,skipped_unreachable,,,,,,Find an authoritative company source before creating a seed fixture.
Halaxy,halaxy.com,Melbourne,metadata_captured_needs_human_assessment,https://www.halaxy.com:443/,200,Halaxy - Helping You Navigate the Complex Galaxy of Health,,,Assess this primary-source metadata before creating a seed fixture.
InfoTrack,infotrack.com.au,Sydney,metadata_captured_needs_human_assessment,https://www.infotrack.com.au/,200,InfoTrack Homepage - InfoTrack,"InfoTrack is a market leading technology company, providing innovative solutions for compliance, information brokerage, AI solutions and workflow automation.",,Assess this primary-source metadata before creating a seed fixture.
Radium Capital,radiumcapital.com.au,Sydney,metadata_captured_needs_human_assessment,https://radiumcapital.com.au,200,Radium Capital - The Experts in Research & Development Finance,Smart capital for smart businesses. Eligible for the government’s R&D tax incentive? A Radium Advance can diversify your capital stack & improve cash flow.,,Assess this primary-source metadata before creating a seed fixture.
Veridapt,veridapt.com,Perth,metadata_captured_needs_human_assessment,https://www.veridapt.com/,200,Fuel Management for Mining and Rail | VERIDAPT,"VERIDAPT tracks and reconciles every litre of fuel across 300+ mine sites and 200,000 km of rail. Trusted by BHP, Rio Tinto, Glencore, CN and Aurizon.",,Assess this primary-source metadata before creating a seed fixture.
Goanna Ag,goanna.ag,Toowoomba,skipped_unreachable,,,,,,Find an authoritative company source before creating a seed fixture.
Klayo,klayo.com,Brisbane,metadata_captured_needs_human_assessment,https://klayo.com,200,Home | Klayo,Fast-track your airport career with OLC's ACI-accredited training — expert-crafted courses from operations to leadership.,,Assess this primary-source metadata before creating a seed fixture.
Intelledox,intelledox.com,Canberra,metadata_captured_needs_human_assessment,https://www.smartcommunications.com/,200,Home - Smart Communications,,,Assess this primary-source metadata before creating a seed fixture.
CivX,civx.com.au,Adelaide,metadata_captured_needs_human_assessment,https://civxinfra.com.au/,200,CIVX Infrastructure | Civil & Electrical are our Core Business,,,Assess this primary-source metadata before creating a seed fixture.
Montu,montu.com.au,Melbourne,metadata_captured_needs_human_assessment,https://www.montu.com.au/,200,Montu | Revolutionising the alternative medicine landscape,"Montu is Australia's leading health tech business focusing on medical cannabis therapies. We're reshaping the landscape for suppliers, practitioners, pharmacies & patients.",,Assess this primary-source metadata before creating a seed fixture.
Vantage Data Centres,vantage-dc.com,Sydney,metadata_captured_needs_human_assessment,https://vantage-dc.com,200,Vantage Data Centers - Flexible and Scalable Data Centers,"Vantage Data Centers provides innovative, scalable wholesale data center campuses to hyperscalers, cloud providers and large enterprises across North America and Europe.",,Assess this primary-source metadata before creating a seed fixture.
Cluey Learning,clueylearning.com.au,Sydney,metadata_captured_needs_human_assessment,https://clueylearning.com.au,200,Cluey Learning | Personalised Tutoring For School Students,Discover why parents and students are choosing Cluey's online tutoring. Build your confidence at school with our personalised tutoring today ✅!,,Assess this primary-source metadata before creating a seed fixture.
Longbow Advantage,longbowadvantage.com,Brisbane,metadata_captured_needs_human_assessment,https://www.longbowadvantage.com/,200,Longbow Advantage,Longbow Advantage is a trusted partner for Blue Yonder WMS implementations—300+ successful projects delivered with onshore expertise and operational know-how.,,Assess this primary-source metadata before creating a seed fixture.
Mosh,mosh.com.au,Sydney,metadata_captured_needs_human_assessment,https://mosh.com.au,200,Mosh . com .au,mosh.com.au getmosh,,Assess this primary-source metadata before creating a seed fixture.
Paxon Group,paxon.com.au,Brisbane,metadata_captured_needs_human_assessment,https://paxon.com.au,200,Paxon Packaging | High quality packaging machinery Melbourne - Paxon Packaging,Weighing & Dosing - Comek | CML,,Assess this primary-source metadata before creating a seed fixture.
Ampere Energy,ampere.energy,Melbourne,metadata_captured_needs_human_assessment,https://ampere.energy,200,Ampere,Energía para un futuro sostenible,,Assess this primary-source metadata before creating a seed fixture.
Telnyx,telnyx.com,Sydney,metadata_captured_needs_human_assessment,https://telnyx.com,200,Infrastructure for realtime agents | Telnyx,"Telnyx is the only licensed carrier that owns its AI infrastructure end-to-end: private network, GPUs, edge compute. Nothing sits between your agent and the person on the line because every hop is ours.",,Assess this primary-source metadata before creating a seed fixture.
Beamery,beamery.com,Sydney,metadata_captured_needs_human_assessment,https://beamery.com,200,AI-Powered Workforce Transformation Platform | Beamery,"Discover Beamery’s AI-powered Workforce Transformation Platform. Align talent strategy, boost development, and unlock smarter workforce planning.",,Assess this primary-source metadata before creating a seed fixture.
Stile Education,stileeducation.com,Melbourne,metadata_captured_needs_human_assessment,https://stileeducation.com/au/index.html,200,#1 Australian Curriculum for Science | Stile Education,"Stile is the complete science curriculum for Australian schools. High-quality print, digital, and practical resources that students love and teachers can count on.",,Assess this primary-source metadata before creating a seed fixture.
Spriggy,spriggy.com.au,Sydney,metadata_captured_needs_human_assessment,https://spriggy.com.au,200,"Spriggy | Kids learn to earn, save, spend and invest","From pocket money and a prepaid card to investing and online safety, Spriggy helps kids build confidence with money while parents stay in control.",,Assess this primary-source metadata before creating a seed fixture.
Frankly,frankly.com.au,Sydney,metadata_captured_needs_human_assessment,https://www.frankly.com.au/,200,Digital Marketing Performance Agency Melbourne | Frankly,Digital Marketing Agency Melbourne | Social Media | Ideation & Design | Digital Performance | Google Ads | Web Designers Development | Frankly Ready to transform your marketing? | Contact Us Now,,Assess this primary-source metadata before creating a seed fixture.
Mealpal,mealpal.com.au,Melbourne,metadata_captured_needs_human_assessment,https://mealpal.com/au/,200,,"Get lunch from the best restaurants in your city. Enjoy everything from salads to poké, burgers and bowls for a price that can’t be beat.",,Assess this primary-source metadata before creating a seed fixture.
Scancam,scancam.com.au,Brisbane,metadata_captured_needs_human_assessment,https://sensen.ai/fuel-theft-prevention/,200,Fuel Theft Prevention Solutions | SenSen,Stop fueltheft with AI-powered video analytics and real-time alerts. Secure your store and reduce losses—request a demo today,,Assess this primary-source metadata before creating a seed fixture.
Coupa Software AU,coupa.com,Sydney,reachable_but_metadata_unavailable,https://www.coupa.com/,403,,,HTTP 403,Find an authoritative company source before creating a seed fixture.
Edrolo,edrolo.com,Melbourne,metadata_captured_needs_human_assessment,https://edrolo.com.au/,200,Edrolo,,,Assess this primary-source metadata before creating a seed fixture.
ResMed Digital,resmed.com,Sydney,metadata_captured_needs_human_assessment,https://www.resmed.com.au/,200,"Resmed | Sleep Apnea, Insomnia, CPAP & Snoring Solutions",Adequate sleep is vital to maintaining good physical and mental health. Awaken your best with expert advice and treatment solutions from ResMed Australia.,,Assess this primary-source metadata before creating a seed fixture.
Legalvision,legalvision.com.au,Sydney,metadata_captured_needs_human_assessment,https://legalvision.com.au,200,LegalVision | Business Lawyers | On-Demand Legal Membership Trustpilot logo with five stars,LegalVision is a commercial law firm that provides Australian businesses with cost-effective and high-quality legal services through an innovative model.,,Assess this primary-source metadata before creating a seed fixture.
Divipay,divipay.com.au,Sydney,metadata_captured_needs_human_assessment,https://letsweel.com/,200,Weel: All-in-One Expense Management & AP Automation,"Weel is the all-in-one platform for finance teams. Issue smart corporate cards, automate accounts payable, and control company spend, all in one place.",,Assess this primary-source metadata before creating a seed fixture.
Hyper Anna,hyperanna.com,Sydney,metadata_captured_needs_human_assessment,https://www.alteryx.com/,200,Alteryx: Automate Data Workflows & Get AI-Powered Insights,"Automate data workflows, reduce manual work, and deliver insights faster with Alteryx One. Integrates with Snowflake, Databricks, and BI tools.",,Assess this primary-source metadata before creating a seed fixture.
Compono,compono.com,Brisbane,metadata_captured_needs_human_assessment,https://www.compono.com/,200,Compono | HR Software & People Intelligence Platform,"HR software with the people intelligence layer built in. Hire for fit, measure culture, build capability, and make decisions you can defend.",,Assess this primary-source metadata before creating a seed fixture.
Arco Platform,arcoplatform.com,Sydney,metadata_captured_needs_human_assessment,https://www.arcoeducacao.com.br:443/,200,Arco Educação - Construindo pontes entre o presente e o futuro,"Apoiamos escolas, professores, alunos e famílias frente aos seus desafios, integrando tecnologia e excelência em nossas soluções.",,Assess this primary-source metadata before creating a seed fixture.
Datacom,datacom.com,Auckland,reachable_but_metadata_unavailable,https://datacom.com,403,,,HTTP 403,Find an authoritative company source before creating a seed fixture.
InstantScripts,instantscripts.com.au,Melbourne,metadata_captured_needs_human_assessment,https://www.instantscripts.com.au/,200,"InstantScripts - Fast, Safe & Secure Online Prescriptions in Australia","Online scripts, telehealth consultations and prescription medication delivered to your door. Conveniently manage your health with InstantScripts®. Join more than 2 million Australians who have saved time and money with InstantScripts®.",,Assess this primary-source metadata before creating a seed fixture.
Rosterfy,rosterfy.com,Melbourne,metadata_captured_needs_human_assessment,https://www.rosterfy.com:443/,200,Volunteer Management Software | Rosterfy,"Rosterfy volunteer management software automates recruitment, onboarding, scheduling and reporting so organisations save admin time and ensure compliance.",,Assess this primary-source metadata before creating a seed fixture.
Caradvice,caradvice.com.au,Melbourne,skipped_unreachable,,,,,,Find an authoritative company source before creating a seed fixture.
Entegy,entegy.com.au,Melbourne,metadata_captured_needs_human_assessment,https://entegy.events/,200,Entegy - Event Management Platform,Professional event management platform for modern businesses,,Assess this primary-source metadata before creating a seed fixture.
Yarno,yarno.com.au,Melbourne,metadata_captured_needs_human_assessment,https://www.yarno.com.au/,200,Yarno — Made for teams. Built for learning. Powered by AI.,"Yarno is a gamified microlearning platform that helps teams learn, engage, and retain knowledge.",,Assess this primary-source metadata before creating a seed fixture.
Curation Corp,curationcorp.com,Sydney,metadata_captured_needs_human_assessment,https://ai.curationcorp.com/,200,Curation - AI-Powered Investment Research,"Make better informed investment decisions with AI that synthesises community insights, market data, and expert analysis into actionable research.",,Assess this primary-source metadata before creating a seed fixture.
AccessPay,accesspay.com.au,Brisbane,metadata_captured_needs_human_assessment,https://accesspay.com.au,200,Home - AccessPay Pty Ltd,"As a salary packaging and employee benefits provider to the not-for-profit sector, we could help you to use your pre-tax salary to buy a new car, pay for daily expenses and more.",,Assess this primary-source metadata before creating a seed fixture.
Buildpass,buildpass.com.au,Sydney,metadata_captured_needs_human_assessment,https://www.buildpass.ai/,200,AI-Powered Construction Project Management Software | Builders Software Australia | BuildPass AU,"Discover BuildPass, construction software for builders. Boost efficiency and compliance with easy-to-use software.",,Assess this primary-source metadata before creating a seed fixture.
Trace Together AU,trace.io,Sydney,skipped_unreachable,,,,,,Find an authoritative company source before creating a seed fixture.
Vocus Group,vocus.com.au,Melbourne,metadata_captured_needs_human_assessment,https://www.vocus.com.au/,200,Vocus - Fibre and Network Solutions Provider | Vocus Chevron Down Arrow Right Arrow Right P INT NET Ethernet Modified P INT NET Vocus Satellite Starlink Modified Arrow Right P BizPhone P UC COL Vocus Collaborate Powered By Zoom Modified Arrow Right P DATA SEC DDoS Arrow Right Arrow Right Arrow Right Chevron Down Arrow Right P DATA SEC SD WAN P UC COL Vocus Collaborate Powered By Zoom Modified G Business Satellite Ground Station Modified,"Vocus is Australia's specialist provider of fibre, network, and business solutions for businesses, government, and wholesale.",,Assess this primary-source metadata before creating a seed fixture.
NCS Group,ncs.com.au,Sydney,skipped_unreachable,,,,,,Find an authoritative company source before creating a seed fixture.
Easygo Gaming,easygo.gg,Melbourne,skipped_unreachable,,,,,,Find an authoritative company source before creating a seed fixture.
Notiv,notiv.com,Sydney,metadata_captured_needs_human_assessment,https://notiv.com,200,Notiv - AI Meeting Recorder & Notetaker for teams,"Notiv is an AI-driven Notetaker for you to record, transcribe and summarize your meetings to generate agendas on all web conferencing platforms like Zoom.",,Assess this primary-source metadata before creating a seed fixture.
Aerobotics,aerobotics.com,Sydney,metadata_captured_needs_human_assessment,https://aerobotics.com,200,Aerobotics | Leading yield forecast technology for fruit companies,"Aerobotics helps fruit growers, packers and marketers forecast yields using accurate size, color and quality measurements from smartphone imagery.",,Assess this primary-source metadata before creating a seed fixture.
Braiins,braiins.com,Sydney,metadata_captured_needs_human_assessment,https://braiins.com,200,Braiins | Bitcoin mining ecosystem,"Mine more bitcoin with Braiins tools: mining pool, management system, firmware, hardware, education & more.",,Assess this primary-source metadata before creating a seed fixture.
Venn Group AU,venngroup.com,Brisbane,metadata_captured_needs_human_assessment,https://www.venngroup.com/,200,Complete recruitment solutions for all your staffing | Venn Group,"Recruiting at every level our staffing solutions support interim, contract, permanent, locum and project jobs.",,Assess this primary-source metadata before creating a seed fixture.
Cyara,cyara.com,Melbourne,metadata_captured_needs_human_assessment,https://cyara.com,200,Cyara - the AI trust company for customer experience,Proof before launch. Vigilance in production. Cyara proves AI agents before deployment and scores every live customer conversation in production.,,Assess this primary-source metadata before creating a seed fixture.
Pairtree,pairtree.com.au,Sydney,reachable_but_metadata_unavailable,https://pairtree.com.au,200,,,,Find an authoritative company source before creating a seed fixture.
Faethm AI,faethm.ai,Sydney,metadata_captured_needs_human_assessment,https://www.faethm.ai/,200,Faethm by Pearson,,,Assess this primary-source metadata before creating a seed fixture.
Hyper Digital,hyperdigital.com.au,Perth,skipped_unreachable,,,,,,Find an authoritative company source before creating a seed fixture.
Astute Payroll,astutepayroll.com,Sydney,metadata_captured_needs_human_assessment,https://astutepayroll.com,200,Home - Astute Payroll,Uncover how smart technology makes complexity easy to manage.,,Assess this primary-source metadata before creating a seed fixture.
Fletch AI,fletch.ai,Melbourne,metadata_captured_needs_human_assessment,https://www.f5.com/company/blog/how-agentic-ai-simplifies-cybersecurity-and-modern-threat-management,200,How Agentic AI Simplifies Cybersecurity and Modern Threat Management | F5,"Fletch’s agentic AI capabilities will be fully integrated into the F5 Application Delivery and Security Platform, transforming how teams navigate modern security chaos.",,Assess this primary-source metadata before creating a seed fixture.
Minfos,minfos.com.au,Sydney,metadata_captured_needs_human_assessment,https://www.minfos.com.au/,200,Minfos | Everything you need to manage a successful pharmacy,Your all-in-one pharmacy management software. A single solution to manage an efficient dispensary and a profitable retail business.,,Assess this primary-source metadata before creating a seed fixture.
Yabble,yabble.com,Auckland,metadata_captured_needs_human_assessment,https://www.yabble.com/,200,"Yabble | Effortless insights are as easy as 1, 2, 3 Yabble.","From revolutionary Virtual Audiences that give you insights in minutes, to a suite of AI tools that allow you to analyze your data 1000x faster than a human – Yabble is the leading AI solution for every stage of research.",,Assess this primary-source metadata before creating a seed fixture.
Arloid Automation,arloid.com,Sydney,metadata_captured_needs_human_assessment,https://arloid.com,200,arloid. | the ultimate AI solution for energy saving,Arloid is an AI solution that learns to automatically adjust HVAC settings based on changing environmental conditions.,,Assess this primary-source metadata before creating a seed fixture.
Spendless,spendless.com.au,Brisbane,metadata_captured_needs_human_assessment,https://www.spendless.com.au/,200,Women Shoes | Men | Kids | Accessories | Spendless Shoes,,,Assess this primary-source metadata before creating a seed fixture.
Springday,springday.com.au,Sydney,metadata_captured_needs_human_assessment,https://myspringday.com.au/,200,"Corporate wellbeing platforms for happier, healthier employees | Springday Campaigns Gmified Engagement Tools Reporting Engagement Loyalty_Hover Absenteeism_Hover Productivity_Hover",We curate custom corporate wellbeing platforms for organisations to empower their employees to improve their health and wellbeing.,,Assess this primary-source metadata before creating a seed fixture.
Kablamo,kablamo.com.au,Sydney,metadata_captured_needs_human_assessment,https://www.kablamo.com.au/,200,We Design and Build Intelligent Software | Kablamo,"Kablamo is an Australian technology consultancy delivering cloud software, data & AI, human-centred design, and technology transformation for enterprise clients.",,Assess this primary-source metadata before creating a seed fixture.
Geographe,geographe.com.au,Busselton,metadata_captured_needs_human_assessment,https://geographe.com.au,200,Heavy Equipment Parts and Solutions for Miners | Geographe,"Partner with Geographe for Enhanced Performance (EP) Wear Parts & Specialised Tooling solutions to improve mining fleet uptime, enhance safety, and reduce maintenance costs.",,Assess this primary-source metadata before creating a seed fixture.
Barton Deakin,bartondeakin.com,Sydney,metadata_captured_needs_human_assessment,https://bartondeakin.com,200,Barton Deakin Government Relations,"If your company needs to engage with government, Barton Deakin can help. We are the premier government relations firm in Australia.",,Assess this primary-source metadata before creating a seed fixture.
Rayner,rayner.com.au,Hobart,metadata_captured_needs_human_assessment,https://www.rayner.com.au/,200,Home - Rayner Real Estate,,,Assess this primary-source metadata before creating a seed fixture.
GreenSync,greensync.com.au,Melbourne,metadata_captured_needs_human_assessment,https://greensync.com/,200,GreenSync - Digitally enabling renewable energy for a better world,"The future of flexible, distributed, digital energy has arrived. See what we're doing to support the energy industry be empowered and thrive.",,Assess this primary-source metadata before creating a seed fixture.
CoreLogic AU,corelogic.com.au,Sydney,metadata_captured_needs_human_assessment,https://www.cotality.com/,200,Cotality™ | Intelligence beyond bounds™,Cotality | See the property ecosystem from every angle to reimagine property data as insights that illuminate what’s next. It’s intelligence beyond bounds.,,Assess this primary-source metadata before creating a seed fixture.
Tillr,tillr.io,Brisbane,metadata_captured_needs_human_assessment,https://tillr.io,200,Home - Tillr,[pl_row] [pl_col col=12] [pl_text] About Hestia Need more details? Please check our full documentation for detailed information on how to use Hestia. [/pl_text] [/pl_col] [/pl_row],,Assess this primary-source metadata before creating a seed fixture.
Insentra,insentra.com,Sydney,metadata_captured_needs_human_assessment,https://www.insentragroup.com/au/,200,Global Professional & Managed IT Services - Insentra Australia,"Insentra delivers professional and managed IT services globally, exclusively through IT partners and vendors for their clients. - Australia",,Assess this primary-source metadata before creating a seed fixture.
Azured,azured.com.au,Brisbane,skipped_unreachable,,,,,,Find an authoritative company source before creating a seed fixture.
Xplicit,xplicit.com.au,Townsville,skipped_unreachable,,,,,,Find an authoritative company source before creating a seed fixture.
Cogito Group,cogitogroup.com.au,Canberra,reachable_but_metadata_unavailable,https://cogitogroup.com.au,404,,,HTTP 404,Find an authoritative company source before creating a seed fixture.
Alembic Strategy,alembic.com.au,Melbourne,metadata_captured_needs_human_assessment,https://alembic.com.au,200,Accelerated Software Delivery — Alembic,Is your software ready for what's coming?,,Assess this primary-source metadata before creating a seed fixture.
Sherlok,sherlok.com.au,Sydney,metadata_captured_needs_human_assessment,https://www.sherlok.com.au/,200,Sherlok - Sherlok,"What’s included How it works Waitlist Open my portal What’s included How it works Waitlist Open my portal InstantAPPLY is live for Sherlok customers Applications done in minutes.More loans written. InstantAPPLY handles the fact-find, scenario comparisons, product selection, bank statements, and credit reports. Now in every Sherlok subscription, at no extra cost. Open my portal […]",,Assess this primary-source metadata before creating a seed fixture.
Dextro,dextro.com.au,Melbourne,reachable_but_metadata_unavailable,https://dextro.com.au/landing,404,,,HTTP 404,Find an authoritative company source before creating a seed fixture.
Zero Co,zeroco.com.au,Noosa,reachable_but_metadata_unavailable,https://zeroco.com.au,404,,,HTTP 404,Find an authoritative company source before creating a seed fixture.
Datanzo,datanzo.com.au,Sydney,skipped_unreachable,,,,,,Find an authoritative company source before creating a seed fixture.
Agridigital,agridigital.io,Sydney,metadata_captured_needs_human_assessment,https://www.agridigital.io/,200,AgriDigital | Australia's leading grain management software,"Our digital grain management software connects data, inventory and finance all in one place. We work with farmers, site operators, traders, brokers and consumers. AgriDigital software is cloud based so you can access anywhere, anytime. Grow with us.",,Assess this primary-source metadata before creating a seed fixture.
Locqus,locqus.com,Melbourne,skipped_unreachable,,,,,,Find an authoritative company source before creating a seed fixture.
Jemena,jemena.com.au,Sydney,metadata_captured_needs_human_assessment,https://www.jemena.com.au/,200,Home  | Jemena,"Apply now for our 2027 Graduate Program We're offering grants of up to $10,000 to organisations that provide support and services to First Nations people. Applications close at 5pm on Sunday 21 June.",,Assess this primary-source metadata before creating a seed fixture.
Seer Data,seerdata.com.au,Sydney,reachable_but_metadata_unavailable,https://seerdata.ai:443/,202,,,,Find an authoritative company source before creating a seed fixture.
Interlate,interlate.com,Brisbane,metadata_captured_needs_human_assessment,https://www.interlate.com/,200,Home - Interlate,"We empower you! Combining our SaaS offer with the onsite experience of our highly skilled operational and process engineering professionals, we support minerals processing operational professionals in their journey towards achieving their goals and finding latent value. Contact Us Software as aService Leveraging the domain knowledge and onsite experience of our highly skilled operational and […]",,Assess this primary-source metadata before creating a seed fixture.
Versarien AU,versarien.com,Sydney,skipped_unreachable,,,,,,Find an authoritative company source before creating a seed fixture.
Octet,octet.com.au,Sydney,metadata_captured_needs_human_assessment,https://www.octet.com/,200,Working Capital & B2B Business Finance Solutions | Octet,"Octet provides Australian businesses with smarter working capital and payment solutions. Unlock funding, improve cash flow, and streamline global trade.",,Assess this primary-source metadata before creating a seed fixture.
ecoPortal,ecoportal.com,Auckland,metadata_captured_needs_human_assessment,https://www.ecoportal.com/,200,Safety Software for Enterprises in New Zealand | ecoPortal,New Zealand’s leading Workplace Health and Safety software streamlines reporting and information management to help companies maintain WHS compliance standards,,Assess this primary-source metadata before creating a seed fixture.
IntelliHR,intellihr.com,Brisbane,skipped_unreachable,,,,,,Find an authoritative company source before creating a seed fixture.
Prezzee,prezzee.com,Sydney,metadata_captured_needs_human_assessment,https://prezzee.com/en-us,200,Digital Gift Cards | Prezzee US,"The perfect personalised gift for any occasion — send a Prezzee eGift card that lets them choose from hundreds of brands. Buy, send, and store instantly.",,Assess this primary-source metadata before creating a seed fixture.
Limeade AU,limeade.com,Sydney,reachable_but_metadata_unavailable,https://limeade.com,200,,,,Find an authoritative company source before creating a seed fixture.
Skoolbag,skoolbag.com.au,Sydney,metadata_captured_needs_human_assessment,https://audiri.com.au/,200,"Communication simplified - Trusted by schools, RTO's and membership organisations","""The #1 communications app, Audiri streamlines communication, payments, meetings and events via one centralised system.""",,Assess this primary-source metadata before creating a seed fixture.
VioletX,violetx.com.au,Perth,skipped_unreachable,,,,,,Find an authoritative company source before creating a seed fixture.
Nexgen,nexgen.net.au,Townsville,metadata_captured_needs_human_assessment,https://nexgen.net.au,200,NexGen – Next-generation SEO tools to Nex Gen — Premium SEO Tools & Services,"Nex Gen offers premium SEO services — citations, backlinks, blog posts, guest posts and SEO automation — at competitive prices. Create your account and boost your rankings.",,Assess this primary-source metadata before creating a seed fixture.
Localsearch,localsearch.com.au,Gold Coast,metadata_captured_needs_human_assessment,https://www.localsearch.com.au:443/,200,Localsearch | Find Local Businesses Australia with Reviews,"Find thousands of local businesses, read & write reviews, request quotes & more. Are you an Aussie business owner? Take a look at our complete digital marketing service.",,Assess this primary-source metadata before creating a seed fixture.
Intopia,intopia.digital,Sydney,metadata_captured_needs_human_assessment,https://intopia.digital,200,Home - Intopia,"We specialise in WCAG 2.2, web accessibility testing and auditing, user research with people with disabilities, training, and consultancy.",,Assess this primary-source metadata before creating a seed fixture.
Thindata,thindata.com.au,Adelaide,skipped_unreachable,,,,,,Find an authoritative company source before creating a seed fixture.
ProNavigator,pronavigator.ai,Sydney,metadata_captured_needs_human_assessment,https://www.guidewire.com:443/products/technology/insurance-ai-from-guidewire/pronavigator,200,Guidewire ProNavigator | Guidewire,"Eliminate decision friction and streamline onboarding across your underwriting, claims, and service teams with an insurance-trained knowledge management system. Learn more about Guidewire ProNavigator.",,Assess this primary-source metadata before creating a seed fixture.
Ezypay,ezypay.com,Sydney,metadata_captured_needs_human_assessment,https://www.ezypay.com/,200,Subscription Payments & Direct Debit Solutions | Ezypay,"Ezypay is the leading subscription payments and direct debit provider in Asia Pacific, helping businesses of all sizes power their regular billing.",,Assess this primary-source metadata before creating a seed fixture.
Timelio,timelio.com.au,Melbourne,skipped_unreachable,,,,,,Find an authoritative company source before creating a seed fixture.
Fincast,fincast.io,Sydney,skipped_unreachable,,,,,,Find an authoritative company source before creating a seed fixture.
Ferocia,ferocia.com.au,Melbourne,metadata_captured_needs_human_assessment,https://ferocia.com.au,200,Ferocia — Software Designed To Delight,"On paper, Ferocia is a bank. In practice, we're a tech company driven by a tight-knit crew of innovative thinkers on a mission to reinvent banking. In 2018, in collaboration with Bendigo Bank, we launched Up — an entirely digital bank designed to make financial wellbeing engaging and accessible. Find out more about our core teams and the latest available roles at Ferocia.",,Assess this primary-source metadata before creating a seed fixture.
RealTime Networks,realtimenetworks.com.au,Perth,skipped_unreachable,,,,,,Find an authoritative company source before creating a seed fixture.
Sealite,sealite.com.au,Gosford,skipped_unreachable,,,,,,Find an authoritative company source before creating a seed fixture.
Hypertune,hypertune.com,Sydney,metadata_captured_needs_human_assessment,https://www.hypertune.com/,200,"Hypertune | Type-safe, Git-based feature flags, experimentation, analytics, and app configuration","Hypertune is the most flexible platform for feature flags, experimentation, analytics, and app configuration. Optimized for TypeScript, React, and Next.js.",,Assess this primary-source metadata before creating a seed fixture.
Agora,agora.io,Sydney,metadata_captured_needs_human_assessment,https://www.agora.io/en/,200,Real-Time Engagement & Conversational AI Platform | Agora,"Build ultra-low latency voice, video, chat, and voice AI experiences for meaningful human-to-human and human-to-AI conversations, with flexible APIs and no-code & low-code tools.",,Assess this primary-source metadata before creating a seed fixture.
Fluidly AU,fluidly.com,Melbourne,skipped_unreachable,,,,,,Find an authoritative company source before creating a seed fixture.
Paydock,paydock.com,Brisbane,metadata_captured_needs_human_assessment,https://paydock.com,200,Paydock,,,Assess this primary-source metadata before creating a seed fixture.
Tractor Ventures,tractorventures.com,Melbourne,metadata_captured_needs_human_assessment,https://www.tractorventures.com/,200,Tractor Ventures,"Tractor Ventures does not believe in unnecessary dilution for Australian and New Zealand technology startups. We provide funding alternatives so that teams know where to invest in growth, and what the true cost of capital is.",,Assess this primary-source metadata before creating a seed fixture.
Pocketed,pocketed.com.au,Sydney,metadata_captured_needs_human_assessment,https://pocketed.com.au,200,pocketed.com.au,Launching Soon,,Assess this primary-source metadata before creating a seed fixture.
Behavox AU,behavox.com,Sydney,metadata_captured_needs_human_assessment,https://behavox.com,200,Behavox — AI Compliance and Conduct Surveillance,"AI-native compliance and conduct surveillance for financial institutions — Quantum, Polaris, Pathfinder, Trident and Poseidon on one platform.",,Assess this primary-source metadata before creating a seed fixture.
Taggle Systems,taggle.com.au,Adelaide,metadata_captured_needs_human_assessment,https://taggle.com/,200,Taggle - Digital Water Metering and Water Management,"Taggle provides an integrated end-to-end digital water metering solution for councils and utilities, saving water for a sustainable future.",,Assess this primary-source metadata before creating a seed fixture.
Pnyx,pnyx.com.au,Canberra,metadata_captured_needs_human_assessment,https://www.pnyx.com.au/,200,Comm.care by Pnyx — Care Management Software for NDIS and Aged Care Providers | Comm.care by Pnyx,"Comm.care by Pnyx is care management software built for Australian NDIS and aged care providers. Rostering, progress notes, billing, compliance — all in one platform.",,Assess this primary-source metadata before creating a seed fixture.
Luma Financial Technologies,lumafinancialtech.com,Sydney,skipped_unreachable,,,,,,Find an authoritative company source before creating a seed fixture.
Everty,everty.com.au,Sydney,metadata_captured_needs_human_assessment,https://everty.com.au,200,EV Charging Australia: EV Charging Management Software I Everty,Managing an EV Charging Station in Australia with Everty is easy & stress-free. Charging Management Software & Solutions to help your business thrive.,,Assess this primary-source metadata before creating a seed fixture.
Liminal BioSciences AU,liminalbiosciences.com,Melbourne,metadata_captured_needs_human_assessment,https://liminalbiosciences.com,200,Liminal BioSciences - Homepage,,,Assess this primary-source metadata before creating a seed fixture.
Inauro,inauro.com.au,Sydney,metadata_captured_needs_human_assessment,https://www.inauro.com.au/,200,Inauro Wealth Management,"Comprehensive, professional financial advice and wealth management for individuals and families.",,Assess this primary-source metadata before creating a seed fixture.
Samsara Networks AU,samsara.com,Sydney,metadata_captured_needs_human_assessment,https://www.samsara.com/,200,Samsara | The Connected Operations Platform,"Samsara's connected operations platform helps 20,000+ operations improve safety, cut costs, and run smarter — built with operators.",,Assess this primary-source metadata before creating a seed fixture.
Verida,verida.io,Brisbane,skipped_unreachable,,,,,,Find an authoritative company source before creating a seed fixture.
Lumi,lumilighting.com.au,Brisbane,skipped_unreachable,,,,,,Find an authoritative company source before creating a seed fixture.
Weel,weel.com.au,Sydney,metadata_captured_needs_human_assessment,https://letsweel.com/,200,Weel: All-in-One Expense Management & AP Automation,"Weel is the all-in-one platform for finance teams. Issue smart corporate cards, automate accounts payable, and control company spend, all in one place.",,Assess this primary-source metadata before creating a seed fixture.
Monash IVF,monashivf.com,Melbourne,metadata_captured_needs_human_assessment,https://monashivf.com,200,Monash IVF Australia |  Fertility Specialists — Monash IVF,"Starting a family isn’t always easy, it takes real bravery. That’s why our team of fertility specialists at Monash IVF Australia are here to support you on your journey. We provide the best fertility treatments & care.",,Assess this primary-source metadata before creating a seed fixture.
Preezie,preezie.com,Melbourne,metadata_captured_needs_human_assessment,https://preezie.com,200,#1 AI Shopping Assistant / Agent for 10% more revenue | preezie,"preezie is the AI Shopping Assistant trusted by PUMA and Arc’teryx. With built in controls, it sells like in-store staff, driving 5–10%+ revenue lift.",,Assess this primary-source metadata before creating a seed fixture.
Steller,steller.com.au,Melbourne,skipped_unreachable,,,,,,Find an authoritative company source before creating a seed fixture.
Macquarie Telecom Cloud,macquarietelecom.com,Sydney,reachable_but_metadata_unavailable,https://www.macquarietelecom.com/,200,,,,Find an authoritative company source before creating a seed fixture.
NetApp AU,netapp.com,Sydney,reachable_but_metadata_unavailable,https://www.netapp.com/,403,,,HTTP 403,Find an authoritative company source before creating a seed fixture.
Amida Technology,amidatech.com.au,Perth,skipped_unreachable,,,,,,Find an authoritative company source before creating a seed fixture.
Aiven AU,aiven.io,Sydney,metadata_captured_needs_human_assessment,https://aiven.io,200,Aiven - Your AI-ready Open Source Data Platform,"Aiven is an AI-ready open source data platform that combines open-source services to rapidly stream, store and serve data across major cloud providers — simply and securely.",,Assess this primary-source metadata before creating a seed fixture.
Finpo,finpo.com.au,Sydney,skipped_unreachable,,,,,,Find an authoritative company source before creating a seed fixture.
Pave Finance,pavefinance.com.au,Brisbane,metadata_captured_needs_human_assessment,https://pavefinance.com.au,200,Pave Finance Group,"Unlocking Potential, Together.",,Assess this primary-source metadata before creating a seed fixture.
Intergraph AU,intergraph.com.au,Perth,skipped_unreachable,,,,,,Find an authoritative company source before creating a seed fixture.
Rezeco,rezeco.com.au,Adelaide,skipped_unreachable,,,,,,Find an authoritative company source before creating a seed fixture.
Conga AU,getconga.com,Sydney,skipped_unreachable,,,,,,Find an authoritative company source before creating a seed fixture.
Verto,verto.com.au,Hobart,skipped_unreachable,,,,,,Find an authoritative company source before creating a seed fixture.
Pozi,pozi.com,Melbourne,metadata_captured_needs_human_assessment,https://pozi.com,200,- Pozi,"Simple. Affordable. Powerful GIS. Proudly Australian Made & Owned Developed and Supported Locally Insightful Maps, Informed Decisions Cloud-Based & Connected Pozi empowers public data through a cloud-based platform, with easy admin and seamless integration into enterprise systems. Design in QGIS & Publish in Pozi Powered by QGIS, Pozi is an easily adoptable solution that makes […]",,Assess this primary-source metadata before creating a seed fixture.
CarbonLink,carbonlink.com.au,Sydney,metadata_captured_needs_human_assessment,https://carbonlink.com.au,200,Soil Carbon Farming Australia | CarbonLink,CarbonLink offers an end-to-end carbon farming solution for Aussie farmers. Proven & advanced science for carbon farming. Book a free consultation.,,Assess this primary-source metadata before creating a seed fixture.
Haventec,haventec.com,Sydney,metadata_captured_needs_human_assessment,https://www.haventec.com/,200,High Assurance Authentication Engine | Haventec,"We provide the world's #1 authentication engine to transform security, accessibility and experience.",,Assess this primary-source metadata before creating a seed fixture.
Joii,joii.com.au,Melbourne,skipped_unreachable,,,,,,Find an authoritative company source before creating a seed fixture.
Clevertar,clevertar.com,Adelaide,metadata_captured_needs_human_assessment,https://www.clevertar.com/,200,Clevertar | Australia's #1 AI Partner for Customer Engagement,"Clevertar builds AI customer support agents for Australian retailers and enterprises resulting in an average 25% conversion uplift, 40–60% support cost reduction, & >20× ROI. Adelaide-based. Book a discovery call.",,Assess this primary-source metadata before creating a seed fixture.
Xref,xref.com,Sydney,metadata_captured_needs_human_assessment,https://www.xref.com/,200,Xref | Build better teams with employer intelligence,"Xref is the easiest way to make data driven HR decisions - hire with confidence, build culture with clarity, and turn attrition into retention.",,Assess this primary-source metadata before creating a seed fixture.
Mobi Solutions,mobisolutions.com.au,Darwin,metadata_captured_needs_human_assessment,https://www.mobisolutions.com.au/,200,Home | Mobi Solutions,,,Assess this primary-source metadata before creating a seed fixture.
GreenPower Energy,greenpowerenergy.com.au,Perth,skipped_unreachable,,,,,,Find an authoritative company source before creating a seed fixture.
Luminary,luminary.com.au,Melbourne,skipped_unreachable,,,,,,Find an authoritative company source before creating a seed fixture.
Rezola,rezola.com.au,Adelaide,skipped_unreachable,,,,,,Find an authoritative company source before creating a seed fixture.
SnapSend,snapsend.com.au,Brisbane,skipped_unreachable,,,,,,Find an authoritative company source before creating a seed fixture.
Southern Cross Computing,southerncrosscomputing.com.au,Launceston,skipped_unreachable,,,,,,Find an authoritative company source before creating a seed fixture.
Haiku Deck AU,haikudeck.com,Sydney,metadata_captured_needs_human_assessment,https://haikudeck.com,200,Haiku Deck: Presentation Software and Online Presentation Tools,Create presentations that inspire. Use Haiku Deck to build your next presentation 10x faster and more beautiful than other presentation tools. Sign up for free.,,Assess this primary-source metadata before creating a seed fixture.
Zutec AU,zutec.com,Sydney,metadata_captured_needs_human_assessment,https://zutec.com,200,ConTech and PropTech Software | Zutec (Global),"ConTech and PropTech software, providing data management, quality management, handover management and asset management to deliver productivity, compliance and sustainability throughout the building lifecycle.",,Assess this primary-source metadata before creating a seed fixture.
