name,domain,city,address_candidate,source_url
PropTrack,proptrack.com.au,Melbourne,"309 Kent Street, Sydney NSW",https://www.proptrack.com.au/contact-us/
PropTrack,proptrack.com.au,Melbourne,"511 Church Street, Richmond, VIC 3121",https://www.proptrack.com.au/contact-us/
Butn,butn.com.au,Sydney,23 William St Balaclava VIC 3183,https://www.butn.co/contact
Hivery,hivery.com,Sydney,2 Park Street Sydney NSW 2000,https://www.hivery.com/contact-us/
Greener,greener.com.au,Brisbane,"180 George St, Sydney NSW 2000",https://www.greener.com.au/about#contact
Assembly Payments,assemblypayments.com,Melbourne,"121 Castlereagh Street Sydney, NSW",https://www.hellozai.com/contact-us
Aeeris,aeeris.com,Sydney,"210 George St, Sydney NSW 2000",https://www.aeeris.com/
Aeeris,aeeris.com,Sydney,"210 George St, Sydney NSW 2000",https://www.aeeris.com/contact
Aeeris,aeeris.com,Sydney,"210 George St, Sydney NSW 2000",https://www.aeeris.com/contact-us
Sonder,sonder.com.au,Sydney,"2/9 Chester St, Newstead QLD 4006",https://sonder.com.au/contact
InDebted,indebted.com,Sydney,300 Barangaroo Avenue Barangaroo NSW 2000,https://www.indebted.co/
InDebted,indebted.com,Sydney,300 Barangaroo Avenue Barangaroo NSW 2000,https://www.indebted.co/support
PictureWealth,picturewealth.com.au,Brisbane,"556 Wellington Street, Perth, WA 6000",https://www.picturewealth.com/contact-us
PictureWealth,picturewealth.com.au,Brisbane,"556 Wellington Street, Perth , WA",https://www.picturewealth.com/contact-us
Radium Capital,radiumcapital.com.au,Sydney,"2 Mill Street, Perth, WA 6000",https://radiumcapital.com.au/contact/
Radium Capital,radiumcapital.com.au,Sydney,"388 George Street, Sydney, NSW 2000",https://radiumcapital.com.au/contact/
Radium Capital,radiumcapital.com.au,Sydney,"71 Eagle Street, Brisbane, QLD 4000",https://radiumcapital.com.au/contact/
Veridapt,veridapt.com,Perth,"1/231 Balcatta Rd, Balcatta WA 6021",https://www.veridapt.com/locations
Vantage Data Centres,vantage-dc.com,Sydney,"2101 M Street NE Quincy, WA",https://vantage-dc.com/company/contact-us/
Cluey Learning,clueylearning.com.au,Sydney,"117 Clarence St, Sydney NSW 2000",https://clueylearning.com.au/
Cluey Learning,clueylearning.com.au,Sydney,"117 Clarence St, Sydney NSW 2000",https://clueylearning.com.au/contact/
Cluey Learning,clueylearning.com.au,Sydney,"117 Clarence St, Sydney NSW 2000",https://clueylearning.com.au/support/
Spriggy,spriggy.com.au,Sydney,"80 Clarence St, Sydney, NSW 2000",https://spriggy.com.au/
Frankly,frankly.com.au,Sydney,"181 St Kilda Road, St Kilda, VIC 3182",https://www.frankly.com.au/
Scancam,scancam.com.au,Brisbane,"570 City Rd, South Melbourne, VIC 3205",https://sensen.ai/fuel-theft-prevention/
Scancam,scancam.com.au,Brisbane,"570 City Rd, South Melbourne, VIC 3205",https://sensen.ai/company/contact/
Scancam,scancam.com.au,Brisbane,"140 St Georges Terrace, Perth, WA",https://sensen.ai/company/contact/
Scancam,scancam.com.au,Brisbane,"3 Spring St, Sydney, NSW 2000",https://sensen.ai/company/contact/
Legalvision,legalvision.com.au,Sydney,241 Commonwealth Street Surry Hills NSW 2010,https://legalvision.com.au/
Legalvision,legalvision.com.au,Sydney,71 Eagle Street Brisbane QLD 4000,https://legalvision.com.au/
Legalvision,legalvision.com.au,Sydney,221 St Georges Terrace Perth WA 6000,https://legalvision.com.au/
Legalvision,legalvision.com.au,Sydney,241 Commonwealth Street Surry Hills NSW 2010,https://legalvision.com.au/contact-us/
Legalvision,legalvision.com.au,Sydney,71 Eagle Street Brisbane QLD 4000,https://legalvision.com.au/contact-us/
Legalvision,legalvision.com.au,Sydney,221 St Georges Terrace Perth WA 6000,https://legalvision.com.au/contact-us/
Compono,compono.com,Brisbane,757 Ann St Fortitude Valley QLD 4006,https://www.compono.com/contact-us
Yarno,yarno.com.au,Melbourne,"275 Alfred St, North Sydney, NSW 2060",https://www.yarno.com.au/
Yarno,yarno.com.au,Melbourne,275 Alfred St North Sydney NSW 2060,https://www.yarno.com.au/contact-us
Yarno,yarno.com.au,Melbourne,"275 Alfred St, North Sydney, NSW 2060",https://www.yarno.com.au/contact-us
Yarno,yarno.com.au,Melbourne,"275 Alfred St, North Sydney, NSW 2060",https://www.yarno.com.au/support
Cyara,cyara.com,Melbourne,1 Railway Crescent Croydon VIC 3136,https://cyara.com/lp/contact-us/
Minfos,minfos.com.au,Sydney,737 Bourke Street Docklands VIC 3008,https://www.minfos.com.au/contact
Springday,springday.com.au,Sydney,"13/201 Miller St, North Sydney NSW 2060",https://myspringday.com.au/
Springday,springday.com.au,Sydney,"13/201 Miller St, North Sydney NSW 2060",https://myspringday.com.au/contact/
Kablamo,kablamo.com.au,Sydney,"20 York Street, Sydney NSW 2000",https://www.kablamo.com.au/
Kablamo,kablamo.com.au,Sydney,20 York Street Sydney NSW 2000,https://www.kablamo.com.au/contact
Geographe,geographe.com.au,Busselton,"480 Abernethy Road, Kewdale, WA 6105",https://geographe.com.au/contact
Geographe,geographe.com.au,Busselton,"57 Craigie Street, Davenport WA 6230",https://geographe.com.au/contact
Barton Deakin,bartondeakin.com,Sydney,"1 Shelley Street Barangaroo, NSW",https://bartondeakin.com/contact/
Barton Deakin,bartondeakin.com,Sydney,"2 Southbank Boulevard, Southbank VIC 3006",https://bartondeakin.com/contact/
Barton Deakin,bartondeakin.com,Sydney,"556 Wellington Street, Perth WA 6000",https://bartondeakin.com/contact/
GreenSync,greensync.com.au,Melbourne,"477 Collins St, Melbourne VIC 3000",https://greensync.com/contact/
Insentra,insentra.com,Sydney,"35 Ventnor Avenue, West Perth WA 6005",https://www.insentragroup.com/au/contact/
Agridigital,agridigital.io,Sydney,"167 Brisbane Street, Dubbo, NSW",https://www.agridigital.io/contact
Interlate,interlate.com,Brisbane,"1/143 Coronation Drive Milton, QLD 4064",https://www.interlate.com/contact/
Localsearch,localsearch.com.au,Gold Coast,"138 Robina Town Centre Drive, Robina QLD 4226",https://www.localsearch.com.au:443/
Ezypay,ezypay.com,Sydney,"1/477 Pitt Street, Sydney, NSW 2000",https://www.ezypay.com/contact
Taggle Systems,taggle.com.au,Adelaide,"14 Junction Street Marrickville, NSW 2204",https://taggle.com/contact/
Pnyx,pnyx.com.au,Canberra,"95b Station St, Penrith NSW 2750",https://www.pnyx.com.au/contact
Everty,everty.com.au,Sydney,200 George Street Sydney NSW 2000,https://everty.com.au/contact-everty/
Everty,everty.com.au,Sydney,200 George Street Sydney NSW 2000,https://everty.com.au/contact-us-2/
Everty,everty.com.au,Sydney,200 George Street Sydney NSW 2000,https://everty.com.au/support/
Inauro,inauro.com.au,Sydney,"644 Chapel Street, South Yarra, VIC",https://www.inauro.com.au/
Inauro,inauro.com.au,Sydney,"644 Chapel Street, South Yarra, VIC",https://www.inauro.com.au/contact-us
Aiven AU,aiven.io,Sydney,"40 King Street, Sydney NSW 2000",https://aiven.io/contact
Haventec,haventec.com,Sydney,"55 Market Street Sydney, NSW 2000",https://www.haventec.com/contact
Xref,xref.com,Sydney,"135 King Street, Sydney NSW 2000",https://www.xref.com/
Xref,xref.com,Sydney,"135 King Street, Sydney NSW 2000",https://www.xref.com/contact-us
Xref,xref.com,Sydney,"135 King Street, Sydney NSW 2000",https://www.xref.com/support
Phocas Software,phocassoftware.com,Melbourne,17 Newton Street Cremorne VIC 3121,https://www.phocassoftware.com/contact
Phocas Software,phocassoftware.com,Melbourne,321 Kent Street Sydney NSW 2000,https://www.phocassoftware.com/contact
Credabl,credabl.com.au,Sydney,"151 Castlereagh St, Sydney NSW 2000",https://www.credabl.com.au/contact
Credabl,credabl.com.au,Sydney,"2/600 Church St, Cremorne VIC 3121",https://www.credabl.com.au/contact
Credabl,credabl.com.au,Sydney,"10/300 Queen St, Brisbane City QLD 4000",https://www.credabl.com.au/contact
Credabl,credabl.com.au,Sydney,"2/8 Colin Street, West Perth WA 6005",https://www.credabl.com.au/contact
Credabl,credabl.com.au,Sydney,"2/600 Church Street, Cremorne VIC 3121",https://www.credabl.com.au/contact
Planit Testing,planittesting.com,Melbourne,"309 Kent Street, Sydney NSW 2000",https://www.planit.com/contact-us/
Planit Testing,planittesting.com,Melbourne,"140 William Street, Melbourne VIC 3000",https://www.planit.com/contact-us/
Planit Testing,planittesting.com,Melbourne,"259 Queen Street, Brisbane QLD 4000",https://www.planit.com/contact-us/
Planit Testing,planittesting.com,Melbourne,"167 St Georges Terrace, Perth WA 6000",https://www.planit.com/contact-us/
Planit Testing,planittesting.com,Melbourne,"15/91 King William St, Adelaide SA 5000",https://www.planit.com/contact-us/
Planit Testing,planittesting.com,Melbourne,"50 Blackall Street, Barton ACT 2600",https://www.planit.com/contact-us/
CEVO,cevo.com.au,Melbourne,440 Collins St Melbourne VIC 3000,https://cevo.com.au/
CEVO,cevo.com.au,Melbourne,24 Campbell St Haymarket NSW 2000,https://cevo.com.au/
CEVO,cevo.com.au,Melbourne,200 Adelaide St Brisbane QLD 4000,https://cevo.com.au/
CEVO,cevo.com.au,Melbourne,33 Allara St Canberra ACT 2601,https://cevo.com.au/
CEVO,cevo.com.au,Melbourne,440 Collins St Melbourne VIC 3000,https://cevo.com.au/contact-us/
CEVO,cevo.com.au,Melbourne,24 Campbell St Haymarket NSW 2000,https://cevo.com.au/contact-us/
CEVO,cevo.com.au,Melbourne,200 Adelaide St Brisbane QLD 4000,https://cevo.com.au/contact-us/
CEVO,cevo.com.au,Melbourne,33 Allara St Canberra ACT 2601,https://cevo.com.au/contact-us/
Thinkmill,thinkmill.com.au,Sydney,"191 Clarence St, Sydney NSW 2000",https://www.thinkmill.com.au/contact
Thinkmill,thinkmill.com.au,Sydney,"52 Prospect Street, Fortitude Valley QLD 4006",https://www.thinkmill.com.au/contact
CancerAid,canceraid.com,Sydney,"4 Cornwallis St, Eveleigh, NSW 2015",https://osarahealth.com/contact
RocketBoots,rocketboots.com,Brisbane,"189 Kent Street, Sydney NSW 2000",https://www.rocketboots.com/contact
Koda Capital,kodacapital.com,Sydney,20 Bond Street Sydney NSW 2000,https://kodacapital.com/contact/
Koda Capital,kodacapital.com,Sydney,385 Bourke Street Melbourne VIC 3000,https://kodacapital.com/contact/
Koda Capital,kodacapital.com,Sydney,71 Eagle St Brisbane QLD 4000,https://kodacapital.com/contact/
Koda Capital,kodacapital.com,Sydney,66 Kings Park Road West Perth WA 6005,https://kodacapital.com/contact/
Koda Capital,kodacapital.com,Sydney,20 Bond Street Sydney NSW 2000,https://kodacapital.com/contact-us/
Koda Capital,kodacapital.com,Sydney,385 Bourke Street Melbourne VIC 3000,https://kodacapital.com/contact-us/
Koda Capital,kodacapital.com,Sydney,71 Eagle St Brisbane QLD 4000,https://kodacapital.com/contact-us/
Koda Capital,kodacapital.com,Sydney,66 Kings Park Road West Perth WA 6005,https://kodacapital.com/contact-us/
Coder Academy,coderacademy.edu.au,Brisbane,120 Spencer St Melbourne VIC 3000,https://coderacademy.edu.au/
Coder Academy,coderacademy.edu.au,Brisbane,7 Kelly St Ultimo NSW 2007,https://coderacademy.edu.au/
Coder Academy,coderacademy.edu.au,Brisbane,"119 Charlotte Street, Brisbane City QLD 4000",https://coderacademy.edu.au/
Coder Academy,coderacademy.edu.au,Brisbane,120 Spencer St Melbourne VIC 3000,https://coderacademy.edu.au/#openConnect
Coder Academy,coderacademy.edu.au,Brisbane,7 Kelly St Ultimo NSW 2007,https://coderacademy.edu.au/#openConnect
Coder Academy,coderacademy.edu.au,Brisbane,"119 Charlotte Street, Brisbane City QLD 4000",https://coderacademy.edu.au/#openConnect
Neto,netohq.com,Brisbane,"1/30 Chancellor Village Boulevard, Sippy Downs, QLD 4556",https://netohq.com/contact
Scape Australia,scape.com.au,Brisbane,"19 Franklin St, Adelaide SA 5000",https://www.scape.com.au/scape-stories/international-students/support-services-for-students-studying-in-australia/
Scape Australia,scape.com.au,Brisbane,"20 Coglin St, Adelaide SA 5000",https://www.scape.com.au/scape-stories/international-students/support-services-for-students-studying-in-australia/
Scape Australia,scape.com.au,Brisbane,"2 George Street, Brisbane QLD 4000",https://www.scape.com.au/scape-stories/international-students/support-services-for-students-studying-in-australia/
Scape Australia,scape.com.au,Brisbane,"66 Ernest Street, South Brisbane, QLD 4101",https://www.scape.com.au/scape-stories/international-students/support-services-for-students-studying-in-australia/
Scape Australia,scape.com.au,Brisbane,"164 Melbourne St, South Brisbane QLD Phone",https://www.scape.com.au/scape-stories/international-students/support-services-for-students-studying-in-australia/
DX Labs,dxlabs.com.au,Perth,20 Bond Street Sydney NSW 2000,https://dxlabs.com.au/
Powow,powow.com.au,Adelaide,"201 Coward Street, Mascot NSW 2020",https://powow.com.au/
Skodel,skodel.com,Sydney,"456 Health Ave, Melbourne VIC 3000",https://skodel.com/contact-us
Parbery,parbery.com.au,Canberra,9/65 Tennant Street Fyshwick ACT 2609,https://www.parbery.com.au/contact
Nudge Education,nudge.com.au,Melbourne,"1 Denison St, North Sydney, NSW",https://www.nudge.com.au/
Nudge Education,nudge.com.au,Melbourne,"1 Denison St, North Sydney, NSW",https://www.nudge.com.au/contact/
1spatial AU,1spatial.com,Sydney,44 Market Street Sydney NSW 2000,https://1spatial.com/contact-us
1spatial AU,1spatial.com,Sydney,29 Kiora Road Miranda NSW 2228,https://1spatial.com/contact-us
Beforepay,beforepay.com.au,Sydney,"77 Castlereagh Street, Sydney NSW 2000",https://www.beforepay.com.au:443/
Pearler,pearler.com,Sydney,"56 Clarence Street, Sydney NSW 2000",https://pearler.com/contact-us
Elmo Software,elmosoftware.com.au,Sydney,580 George Street Sydney NSW 2000,https://elmosoftware.com.au/contact
Elmo Software,elmosoftware.com.au,Sydney,390 Collins Street Melbourne VIC 3000,https://elmosoftware.com.au/contact
Elmo Software,elmosoftware.com.au,Sydney,127 Creek Street Brisbane QLD 4000,https://elmosoftware.com.au/contact
Valiant Finance,valiantfinance.com.au,Sydney,"15 Foster Street, Surry Hills NSW 2010",https://www.valiantfinance.com/contact
Get Capital,getcapital.com.au,Sydney,177 Pacific Hwy North Sydney NSW 2060,https://www.shift.com.au/
Get Capital,getcapital.com.au,Sydney,177 Pacific Hwy North Sydney NSW 2060,https://www.shift.com.au/contact-us
Tiimely,tiimely.com,Adelaide,"121 King William Street, Adelaide SA 5000",https://tiimely.com/contact-us
Tiimely,tiimely.com,Adelaide,"50 Bridge Street, Sydney NSW 2000",https://tiimely.com/contact-us
Uno Home Loans,uno.com.au,Sydney,"123 Pitt Street, Sydney NSW 2000",https://www.unohomeloans.com.au/
Uno Home Loans,uno.com.au,Sydney,"123 Pitt Street, Sydney NSW 2000",https://www.unohomeloans.com.au/contact-us
Quantaco,quantaco.co,Sydney,6 O’Connell Street Sydney NSW,https://www.quantaco.co/
Quantaco,quantaco.co,Sydney,"300 Flinders Street, Melbourne, VIC 3000",https://www.quantaco.co/
Quantaco,quantaco.co,Sydney,6 O’Connell street Sydney NSW,https://www.quantaco.co/contact/
Quantaco,quantaco.co,Sydney,"300 Flinders Street, Melbourne, VIC 3000",https://www.quantaco.co/contact/
Skilio,skilio.com.au,Melbourne,"470 St Kilda Road, Ground Floor Melbourne VIC 3004",https://skilio.com.au/contact
BlueRock,bluerock.com.au,Melbourne,"2/525 Collins St, Melbourne VIC 3000",https://www.bluerock.com.au/contact/
Fluent Commerce,fluentcommerce.com,Sydney,68 Harrington Street The Rocks NSW 2000,https://fluentcommerce.com/contact/
Spectur,spectur.com.au,Perth,"100 Prinsep Road, Jandakot WA 6164",https://spectur.com.au/contact/
Spectur,spectur.com.au,Perth,"12 Homepride Avenue, Warwick Farm NSW 2170",https://spectur.com.au/contact/
Spectur,spectur.com.au,Perth,"127 Fairbairn Road, Sunshine West VIC 3020",https://spectur.com.au/contact/
Spectur,spectur.com.au,Perth,"3/88 Redland Bay Road, Capalaba QLD 4157",https://spectur.com.au/contact/
LocalAgentFinder,localagentfinder.com.au,Melbourne,14 Saint Kild Road St Kilda VIC,https://www.localagentfinder.com.au/contact-us
Unison,unison.com.au,Melbourne,8 Horsfall Street Templestowe Lower VIC 3107,https://www.unison.au/
LearnUpon AU,learnupon.com,Dublin,"135 King Street, Sydney, NSW 2000",https://www.learnupon.com/contact/
