name,domain,careers_url,city,reason,confidence,source_url,technology_rationale
Canstar,canstar.com.au,https://canstar.com.au/careers,Brisbane,"Financial product comparison marketplace and consumer-facing ratings engine, Brisbane QLD HQ",Medium - first-party homepage metadata captured,https://www.canstar.com.au/,"Canstar - Compare Insurance, Loans, Credit Cards & More"
Marketplacer,marketplacer.com,https://marketplacer.com/careers,Melbourne,"White-label online marketplace and dropship commerce platform, Melbourne VIC HQ",Medium - first-party homepage metadata captured,https://marketplacer.com,"Marketplacer: Build, Scale, And Grow Your Marketplace"
PropTrack,proptrack.com.au,https://proptrack.com.au/careers,Melbourne,"Automated valuation models and property data analytics owned by REA Group, Melbourne VIC HQ",Medium - first-party homepage metadata captured,https://www.proptrack.com.au/,"Home - PropTrack Empower your organisation with the most effective market insights available today. PropTrack gives your business the edge through unique insights, effective market intelligence, automated and accurate valuations, and comprehensive data solutions."
Butn,butn.com.au,https://butn.com.au/careers,Sydney,"Invoice financing and embedded lending platform for SME cash flow, Sydney NSW HQ",Medium - first-party homepage metadata captured,https://www.butn.co/,"Butn - Embedded Invoice Finance Solutions / Business Finance For Australian Businesses. Butn is reinventing the way Australian cashﬂow finance works in business with simple, secure and instant finance solutions for every business need."
Hivery,hivery.com,https://hivery.com/careers,Sydney,"Retail space and assortment optimisation AI for CPG and category planning, Sydney NSW HQ",Medium - first-party homepage metadata captured,https://www.hivery.com/,HIVERY: AI-driven retail optimization. Data Has A Better Idea™ | HIVERY Right Arrow Right Arrow Right Arrow Right Arrow Right Arrow Right Arrow Right Arrow Right Arrow Right Arrow Right Arrow Right Arrow Right Arrow Right Arrow Right Arrow Right Arrow Right Arrow Right Arrow Right Arrow Right Arrow Right Arrow Right Arrow Right Arrow Right Arrow Right Arrow X HIVERY offers advanced analytics for optimizing retail assortment strategies. HIVERY uses cutting-edge AI algorithms to empower retailers and CPG brands.
Euclideon,euclideon.com,https://euclideon.com/careers,Brisbane,"Unlimited detail 3D point-cloud rendering engine for GIS and simulation, Brisbane QLD HQ",Medium - first-party homepage metadata captured,https://www.euclideon.com/,404 - Page Not Found | Euclideon The page you are looking for could not be found on Euclideon.
Tether,tether.io,https://tether.io/careers,Sydney,"IoT asset tracking and cold-chain monitoring for logistics and healthcare, Sydney NSW HQ",Medium - first-party homepage metadata captured,https://tether.io,"Tether | The Stable Company A decentralised, open, sustainable future starts here, with the technology Tether supports and creates, for us all."
Tillpoint,tillpoint.com,https://tillpoint.com/careers,Sydney,"Cloud EPOS and inventory management for hospitality and retail, Sydney NSW HQ",Medium - first-party homepage metadata captured,https://www.tillpoint.com/,"tillpoint - ""Streamline Transactions, Elevate Your Business."" ""Streamline Transactions, Elevate Your Business."""
Greener,greener.com.au,https://greener.com.au/careers,Brisbane,"Residential solar and battery installation marketplace with instant quoting, Brisbane QLD HQ",Medium - first-party homepage metadata captured,https://www.greener.com.au/,"Mandatory Climate Reporting Software Australia | Best Carbon Accounting Software Australia Mandatory Climate Reporting Australia made easy with Greener. Our carbon accounting software simplifies compliance, carbon reporting, and Scope 3 emissions tracking, providing audit-ready evidence and AASB S2 compliance in weeks, not months."
Raygun,raygun.com,https://raygun.com/careers,Wellington,"Application performance monitoring and crash reporting SaaS, Sydney NSW AU office",Medium - first-party homepage metadata captured,https://raygun.com,"Raygun - Application Monitoring For Web & Mobile Apps Raygun gives you a window into how users are really experiencing your software applications. Detect, diagnose and resolve issues that are affecting end users."
Creditor Watch,creditorwatch.com.au,https://creditorwatch.com.au/careers,Sydney,"Commercial credit bureau and trade-credit risk scoring for Australian businesses, Sydney NSW HQ",Medium - first-party homepage metadata captured,https://creditorwatch.com.au,"Australia's Leading Commercial Credit Reporting Platform | CreditorWatch CreditorWatch helps you onboard quickly, manage credit decisions effectively and safeguard your cash flow."
Assembly Payments,assemblypayments.com,https://assemblypayments.com/careers,Melbourne,"Embedded payments and multi-party escrow platform for platform businesses, Melbourne VIC HQ",Medium - first-party homepage metadata captured,https://www.hellozai.com/,Zai | Complex Online Payments Made Simple Complex payment solutions for businesses with all-in-one payment processing and workflow automation to simplify and scale operations.
Octane AI,octaneai.com,https://octaneai.com/careers,Sydney,"Conversational quiz and product-recommendation engine for e-commerce brands, Sydney NSW AU office",Medium - first-party homepage metadata captured,https://octaneai.com,"Octane AI - #1 Product Quiz Platform for Shopify | AI-Powered Recommendations Create personalized product quizzes that convert browsers into buyers. AI-powered recommendations, Klaviyo integration, 42% email opt-in rates. Trusted by Jones Road Beauty, ILIA & 5,000+ Shopify stores."
Propeller Aero,propelleraero.com,https://propelleraero.com/careers,Sydney,"Drone-survey analytics and site-progress visualisation for earthworks, Sydney NSW HQ",Medium - first-party homepage metadata captured,https://www.propelleraero.com/,Drone Mapping & 3D Construction Data Analytics | Propeller Aero Explore smart surveys for earthworks and enhance your project efficiency with unified mapping and innovative analytics tools.
Judo Bank,judo.bank,https://judo.bank/careers,Melbourne,"Challenger business bank focused on SME relationship lending and term deposits, Melbourne VIC HQ",Medium - first-party homepage metadata captured,https://www.judo.bank:443/,Judo Bank - We're Boldly Backing Business
Hatch,hatch.team,https://hatch.team/careers,Melbourne,"Video-first graduate recruitment platform with structured capability screening, Melbourne VIC HQ",Medium - first-party homepage metadata captured,https://hatch.team,"Hatch | Find meaning in work Find your match in minutes. Hatch connects you with employers who value what you bring, so you can thrive in a role that truly fits you."
Partly,partly.com,https://partly.com/careers,Sydney,"Automotive parts marketplace with AI-powered fitment matching and VIN search, Sydney NSW HQ",Medium - first-party homepage metadata captured,https://www.partly.com/,"Partly | AI Infrastructure for the vehicle repair industry Partly connects the parts supply chain, improving efficiency and unlocking automation for everyone."
Neighbourlytics,neighbourlytics.com,https://neighbourlytics.com/careers,Melbourne,"Urban analytics using social data to measure neighbourhood vitality for planners, Melbourne VIC HQ",Medium - first-party homepage metadata captured,https://www.neighbourlytics.com/,"Neighbourlytics | Tools for place managers Real-time lifestyle data for the community around your asset, every month. With no complex setup required, use our simple tools to identify activity hotspots, find top local amenities, or track your visitation patterns, every month."
AutoGuru,autoguru.com.au,https://autoguru.com.au/careers,Brisbane,"Online car servicing and repair marketplace for transparent upfront pricing, Brisbane QLD HQ",Medium - first-party homepage metadata captured,https://www.autoguru.com.au:443/,"AutoGuru - Car Servicing and Repairs Made Easy AG Text Logo AutoGuru makes it easy to find and book the best mechanics and auto repairers online, and helps unlock efficiency and growth for automotive businesses."
Laing O Rourke Digital,laingorourke.com,https://laingorourke.com/careers,Sydney,"Engineering and digital construction services with BIM and offsite manufacturing, Sydney NSW HQ",Medium - first-party homepage metadata captured,https://www.laingorourke.com/,"Laing O’Rourke Laing O'Rourke is an international engineering enterprise, founded on over a century and a half of experience."
Intersective,intersective.com,https://intersective.com/careers,Sydney,"Work-integrated learning and industry project platform for universities, Sydney NSW HQ",Medium - first-party homepage metadata captured,https://practera.com/,Experiential Learning & Industry Projects - Practera Practera runs authentic industry projects that build employability. The experiential learning platform for work-integrated (AU) and work-based learning (UK).
Academy Xi,academyxi.com,https://academyxi.com/careers,Sydney,"UX design and digital skills bootcamp with employer-sponsored cohorts, Sydney NSW HQ",Medium - first-party homepage metadata captured,https://academyxi.com,"Academy Xi At Academy Xi, we help APAC's largest and most sophisticated organisations optimise performance with concise, actionable training solutions."
Pathzero,pathzero.com,https://pathzero.com/careers,Sydney,"Carbon accounting and emissions measurement platform for investment managers, Sydney NSW HQ",Medium - first-party homepage metadata captured,https://pathzero.com,"The single source of truth for portfolio climate data - Pathzero Pathzero integrates your investment data, enriches it with private and public market climate metrics, and composes it into audit-ready reporting units. It’s the single platform to manage your data journey—from initial ingestion to final disclosure."
Aeeris,aeeris.com,https://aeeris.com/careers,Sydney,"Real-time severe weather alerts and climate risk analytics for critical infrastructure, Sydney NSW HQ",Medium - first-party homepage metadata captured,https://www.aeeris.com/,"Aeeris | ASX | Critical Weather Event Monitoring and Reporting Search toggle Follow us on Instagram Search toggle Follow us on Instagram Search toggle Search Previous slide Next slide Follow us on Instagram Aeeris specialises in the protection of people, property, infrastructure and business operations. Find out how we can help you."
Stax,stax.io,https://stax.io/careers,Sydney,"AWS landing zone and cloud governance automation for regulated enterprises, Sydney NSW HQ",Medium - first-party homepage metadata captured,https://versent.com.au/modern-run/versent-landing-zone/,Versent Landing Zone - Versent
Sonder,sonder.com.au,https://sonder.com.au/careers,Sydney,"Employee mental health and wellbeing platform with on-demand medical support, Sydney NSW HQ",Medium - first-party homepage metadata captured,https://sonder.com.au,"🖥️ Digital Marketing Agency Brisbane | Sonder 🚀 We're a digital marketing agency 🖥️ helping Brisbane based businesses climb to the first page of Google for relevant, valuable search terms. 🚀"
InDebted,indebted.com,https://indebted.com/careers,Sydney,"AI-powered ethical debt resolution and digital collections platform, Sydney NSW HQ",Medium - first-party homepage metadata captured,https://www.indebted.co/,InDebted | The collections backbone for leading organisations InDebted is changing the world of consumer debt recovery for good by creating a better way for businesses to support their customers to get back on track.
Kinexus,kinexus.com.au,https://kinexus.com.au/careers,Sydney,"Defence industry employment and workforce intelligence platform, Sydney NSW HQ",Medium - first-party homepage metadata captured,https://www.kinexus.com.au/,"Kinexus | Recruitment, Employment and Industry Resourcing · Kinexus Kinexus provides recruitment and workforce support for a wide range of industries. Specialising in the defence sector, we provide you with the intel for your..."
Gretel.ai,gretel.ai,https://gretel.ai/careers,Sydney,"Synthetic data generation and privacy-preserving ML dataset platform, Sydney NSW AU office",Medium - first-party homepage metadata captured,https://www.nvidia.com/en-us/use-cases/synthetic-data-generation-for-agentic-ai/,"Synthetic Data Generation for Agentic AI | Use Case | NVIDIA NVIDIA Home Menu Menu Close Close Close Caret down icon Caret down icon Caret up icon Caret right icon Caret right icon Caret right icon Caret left icon Caret left icon Caret left icon Shopping Cart Search icon Artificial Intelligence Computing Leadership from NVIDIA Build SDG pipelines to power conversational AI, benchmarks, and agentic AI workflows with NVIDIA NeMo synthetic data tools."
Venly,venly.io,https://venly.io/careers,Melbourne,"Blockchain wallet and NFT API infrastructure for game and e-commerce integrations, Melbourne VIC HQ",Medium - first-party homepage metadata captured,https://www.venly.io/,"Venly | Blockchain Infrastructure & Stablecoin Payments Build secure wallets and tokenized products with Venly, or move money globally across fiat and stablecoin rails with Venly Finance."
Quantium,quantium.com.au,https://quantium.com.au/careers,Sydney,"Data science and analytics consultancy with Woolworths loyalty data assets, Sydney NSW HQ",Medium - first-party homepage metadata captured,https://quantium.com/,Quantium | AI transformation and data analytics : Quantium Enterprise AI for complex business challenges
Proqual,proqual.com.au,https://proqual.com.au/careers,Brisbane,"Competency management and workforce qualification tracking for mining and construction, Brisbane QLD HQ",Medium - first-party homepage metadata captured,https://proqual.com.au,"Proqual — See What You Can Build on Any Block in Victoria Search any Victorian address to instantly see lot dimensions, zoning rules, buildable area, and home designs that actually fit. Free for any Victorian address."
Mynd.ai,mynd.ai,https://mynd.ai/careers,Sydney,"Emotion AI and facial-expression recognition for market research and retail, Sydney NSW HQ",Medium - first-party homepage metadata captured,https://www.mynd.ai/,"Mynd.ai, Inc. (MYND) Seattle-based Mynd (NYSE American: MYND) is a global leader in interactive technology offering best-in-class hardware and software solutions that help organizations create and deliver dynamic content; simplify and streamline teaching, learning,…"
Strikingly,strikingly.com,https://strikingly.com/careers,Sydney,"Website builder and e-commerce platform for small business, Sydney NSW AU office",Medium - first-party homepage metadata captured,https://www.strikingly.com/,"How To Make a Website – Free Website Builder | Strikingly Strikingly is the best free website builder for anyone to create a gorgeous, mobile-friendly website easily. Quick, simple and stylish. Make your own free website today."
Jaxsta,jaxsta.com,https://jaxsta.com/careers,Sydney,"Official music credits database and royalties data platform for the music industry, Sydney NSW HQ",Medium - first-party homepage metadata captured,https://jaxsta.com,"Jaxsta Jaxsta is the largest music credits database globally, sourced directly from over 380+ industry partners, including labels, publishers, and distributors."
Hylo,hylo.com,https://hylo.com/careers,Melbourne,"Collaborative social network platform for purpose-driven communities, Melbourne VIC HQ",Medium - first-party homepage metadata captured,https://www.hylo.com/,"Hylo — Where people get organized, stay connected, and grow together. Hylo is the prosocial coordination platform for purpose-driven groups."
PictureWealth,picturewealth.com.au,https://picturewealth.com.au/careers,Brisbane,"Holistic financial wellness app integrating superannuation banking and insurance, Brisbane QLD HQ",Medium - first-party homepage metadata captured,https://www.picturewealth.com/,"Home PictureWealth connects you to financial insights and experts so you can visualise, plan and build the life you want."
Humanitix,humanitix.com,https://humanitix.com/careers,Sydney,"Ethical ticketing platform donating booking fees to education charities, Sydney NSW HQ",Medium - first-party homepage metadata captured,https://humanitix.com/au,"Humanitix | Find the Best Events & Things to Do Find tickets to the best events happening in your city, from live concerts and festivals to free markets this weekend. Discover what's on with Humanitix."
Procurious,procurious.com,https://procurious.com/careers,Melbourne,"Global procurement and supply chain professional network, Melbourne VIC HQ",Medium - first-party homepage metadata captured,https://www.procurious.com/,"Procurious Procurement network & online news community for procurement and supply chain professionals, Procurious will help you get ahead in your career"
Groundbreaker,groundbreaker.co,https://groundbreaker.co/careers,Brisbane,"CRE deal and investor management software for private equity real estate, Brisbane QLD HQ",Medium - first-party homepage metadata captured,https://connect.janover.co/,"Real Estate Syndication Software | Groundbreaker is now Janover Connect | Janover Connect Streamline your real estate syndication, impress your investors and close deals on autopilot. Schedule a demo today!"
Ferronova,ferronova.com.au,https://ferronova.com.au/careers,Adelaide,"Iron nitride solid-state battery chemistry for electric vehicles, Adelaide SA HQ",Medium - first-party homepage metadata captured,https://www.ferronova.com.au/,"Ferronova - Ensuring everyone with cancer receives the surgery and radiotherapy they need FerroTrace®, a novel nanoparticle technology designed to enable accurate detection of high-risk lymph nodes and early identification of metastatic spread."
Halaxy,halaxy.com,https://halaxy.com/careers,Melbourne,"Practice management and billing software for allied health professionals, Melbourne VIC HQ",Medium - first-party homepage metadata captured,https://www.halaxy.com:443/,Halaxy - Helping You Navigate the Complex Galaxy of Health
InfoTrack,infotrack.com.au,https://infotrack.com.au/careers,Sydney,"Legal technology integrations for property conveyancing and court filings, Sydney NSW HQ",Medium - first-party homepage metadata captured,https://www.infotrack.com.au/,"InfoTrack Homepage - InfoTrack InfoTrack is a market leading technology company, providing innovative solutions for compliance, information brokerage, AI solutions and workflow automation."
Radium Capital,radiumcapital.com.au,https://radiumcapital.com.au/careers,Sydney,"Revenue-based financing for e-commerce and SaaS businesses, Sydney NSW HQ",Medium - first-party homepage metadata captured,https://radiumcapital.com.au,Radium Capital - The Experts in Research & Development Finance Smart capital for smart businesses. Eligible for the government’s R&D tax incentive? A Radium Advance can diversify your capital stack & improve cash flow.
Veridapt,veridapt.com,https://veridapt.com/careers,Perth,"RFID fluid-dispensing verification and fueling control for mining fleets, Perth WA HQ",Medium - first-party homepage metadata captured,https://www.veridapt.com/,"Fuel Management for Mining and Rail | VERIDAPT VERIDAPT tracks and reconciles every litre of fuel across 300+ mine sites and 200,000 km of rail. Trusted by BHP, Rio Tinto, Glencore, CN and Aurizon."
Klayo,klayo.com,https://klayo.com/careers,Brisbane,"Skills and competency intelligence platform for talent acquisition, Brisbane QLD HQ",Medium - first-party homepage metadata captured,https://klayo.com,Home | Klayo Fast-track your airport career with OLC's ACI-accredited training — expert-crafted courses from operations to leadership.
Intelledox,intelledox.com,https://intelledox.com/careers,Canberra,"Intelligent document automation and digital form conversion for government, Canberra ACT HQ",Medium - first-party homepage metadata captured,https://www.smartcommunications.com/,Home - Smart Communications
CivX,civx.com.au,https://civx.com.au/careers,Adelaide,"GIS-based civil works planning and utilities clash detection, Adelaide SA HQ",Medium - first-party homepage metadata captured,https://civxinfra.com.au/,CIVX Infrastructure | Civil & Electrical are our Core Business
Montu,montu.com.au,https://montu.com.au/careers,Melbourne,"Medicinal cannabis prescribing platform and pharmacy network in Australia, Melbourne VIC HQ",Medium - first-party homepage metadata captured,https://www.montu.com.au/,"Montu | Revolutionising the alternative medicine landscape Montu is Australia's leading health tech business focusing on medical cannabis therapies. We're reshaping the landscape for suppliers, practitioners, pharmacies & patients."
Vantage Data Centres,vantage-dc.com,https://vantage-dc.com/careers,Sydney,"Hyperscale colocation data centre campuses across APAC, Sydney NSW HQ",Medium - first-party homepage metadata captured,https://vantage-dc.com,"Vantage Data Centers - Flexible and Scalable Data Centers Vantage Data Centers provides innovative, scalable wholesale data center campuses to hyperscalers, cloud providers and large enterprises across North America and Europe."
Cluey Learning,clueylearning.com.au,https://clueylearning.com.au/careers,Sydney,"Online tutoring marketplace with AI-matched tutors for K-12 students, Sydney NSW HQ",Medium - first-party homepage metadata captured,https://clueylearning.com.au,Cluey Learning | Personalised Tutoring For School Students Discover why parents and students are choosing Cluey's online tutoring. Build your confidence at school with our personalised tutoring today ✅!
Longbow Advantage,longbowadvantage.com,https://longbowadvantage.com/careers,Brisbane,"Warehouse execution software integrating with SAP EWM for DC operations, Brisbane QLD HQ",Medium - first-party homepage metadata captured,https://www.longbowadvantage.com/,Longbow Advantage Longbow Advantage is a trusted partner for Blue Yonder WMS implementations—300+ successful projects delivered with onshore expertise and operational know-how.
Mosh,mosh.com.au,https://mosh.com.au/careers,Sydney,"Digital health subscription for male hair loss and ED treatment, Sydney NSW HQ",Medium - first-party homepage metadata captured,https://mosh.com.au,Mosh . com .au mosh.com.au getmosh
Paxon Group,paxon.com.au,https://paxon.com.au/careers,Brisbane,"Data and AI consulting for infrastructure and government, Brisbane QLD HQ",Medium - first-party homepage metadata captured,https://paxon.com.au,Paxon Packaging | High quality packaging machinery Melbourne - Paxon Packaging Weighing & Dosing - Comek | CML
Ampere Energy,ampere.energy,https://ampere.energy/careers,Melbourne,"Grid-connected battery storage and demand-response optimisation for C&I, Melbourne VIC HQ",Medium - first-party homepage metadata captured,https://ampere.energy,Ampere Energía para un futuro sostenible
Telnyx,telnyx.com,https://telnyx.com/careers,Sydney,"Cloud communications API for voice SMS and fax with global number porting, Sydney NSW AU office",Medium - first-party homepage metadata captured,https://telnyx.com,"Infrastructure for realtime agents | Telnyx Telnyx is the only licensed carrier that owns its AI infrastructure end-to-end: private network, GPUs, edge compute. Nothing sits between your agent and the person on the line because every hop is ours."
Beamery,beamery.com,https://beamery.com/careers,Sydney,"Talent operating system for pipeline CRM and workforce planning, Sydney NSW AU office",Medium - first-party homepage metadata captured,https://beamery.com,"AI-Powered Workforce Transformation Platform | Beamery Discover Beamery’s AI-powered Workforce Transformation Platform. Align talent strategy, boost development, and unlock smarter workforce planning."
Stile Education,stileeducation.com,https://stileeducation.com/careers,Melbourne,"Digital STEM curriculum and interactive science lesson platform for secondary schools, Melbourne VIC HQ",Medium - first-party homepage metadata captured,https://stileeducation.com/au/index.html,"#1 Australian Curriculum for Science | Stile Education Stile is the complete science curriculum for Australian schools. High-quality print, digital, and practical resources that students love and teachers can count on."
Spriggy,spriggy.com.au,https://spriggy.com.au/careers,Sydney,"Prepaid debit card and pocket money app for teaching kids financial literacy, Sydney NSW HQ",Medium - first-party homepage metadata captured,https://spriggy.com.au,"Spriggy | Kids learn to earn, save, spend and invest From pocket money and a prepaid card to investing and online safety, Spriggy helps kids build confidence with money while parents stay in control."
Frankly,frankly.com.au,https://frankly.com.au/careers,Sydney,"Workplace conversation and manager coaching platform for employee engagement, Sydney NSW HQ",Medium - first-party homepage metadata captured,https://www.frankly.com.au/,Digital Marketing Performance Agency Melbourne | Frankly Digital Marketing Agency Melbourne | Social Media | Ideation & Design | Digital Performance | Google Ads | Web Designers Development | Frankly Ready to transform your marketing? | Contact Us Now
Mealpal,mealpal.com.au,https://mealpal.com.au/careers,Melbourne,"Office lunch subscription marketplace for corporates with nearby restaurants, Melbourne VIC HQ",Medium - first-party homepage metadata captured,https://mealpal.com/au/,"Get lunch from the best restaurants in your city. Enjoy everything from salads to poké, burgers and bowls for a price that can’t be beat."
Scancam,scancam.com.au,https://scancam.com.au/careers,Brisbane,"Video surveillance AI for retail loss prevention and behaviour analytics, Brisbane QLD HQ",Medium - first-party homepage metadata captured,https://sensen.ai/fuel-theft-prevention/,Fuel Theft Prevention Solutions | SenSen Stop fueltheft with AI-powered video analytics and real-time alerts. Secure your store and reduce losses—request a demo today
ResMed Digital,resmed.com,https://resmed.com/careers,Sydney,"Connected CPAP and cloud-based sleep apnoea management for patients and clinicians, Sydney NSW HQ",Medium - first-party homepage metadata captured,https://www.resmed.com.au/,"Resmed | Sleep Apnea, Insomnia, CPAP & Snoring Solutions Adequate sleep is vital to maintaining good physical and mental health. Awaken your best with expert advice and treatment solutions from ResMed Australia."
Legalvision,legalvision.com.au,https://legalvision.com.au/careers,Sydney,"Subscription-based online legal services and document automation for SMEs, Sydney NSW HQ",Medium - first-party homepage metadata captured,https://legalvision.com.au,LegalVision | Business Lawyers | On-Demand Legal Membership Trustpilot logo with five stars LegalVision is a commercial law firm that provides Australian businesses with cost-effective and high-quality legal services through an innovative model.
Divipay,divipay.com.au,https://divipay.com.au/careers,Sydney,"Corporate expense management with virtual cards and real-time spend controls, Sydney NSW HQ",Medium - first-party homepage metadata captured,https://letsweel.com/,"Weel: All-in-One Expense Management & AP Automation Weel is the all-in-one platform for finance teams. Issue smart corporate cards, automate accounts payable, and control company spend, all in one place."
Hyper Anna,hyperanna.com,https://hyperanna.com/careers,Sydney,"Natural language analytics AI for self-service BI and automated insight, Sydney NSW HQ",Medium - first-party homepage metadata captured,https://www.alteryx.com/,"Alteryx: Automate Data Workflows & Get AI-Powered Insights Automate data workflows, reduce manual work, and deliver insights faster with Alteryx One. Integrates with Snowflake, Databricks, and BI tools."
Compono,compono.com,https://compono.com/careers,Brisbane,"Hiring and workforce intelligence platform with psychometric fit scoring, Brisbane QLD HQ",Medium - first-party homepage metadata captured,https://www.compono.com/,"Compono | HR Software & People Intelligence Platform HR software with the people intelligence layer built in. Hire for fit, measure culture, build capability, and make decisions you can defend."
Arco Platform,arcoplatform.com,https://arcoplatform.com/careers,Sydney,Already dedup check needed,Medium - first-party homepage metadata captured,https://www.arcoeducacao.com.br:443/,"Arco Educação - Construindo pontes entre o presente e o futuro Apoiamos escolas, professores, alunos e famílias frente aos seus desafios, integrando tecnologia e excelência em nossas soluções."
InstantScripts,instantscripts.com.au,https://instantscripts.com.au/careers,Melbourne,"Telehealth platform for online prescriptions and specialist referrals, Melbourne VIC HQ",Medium - first-party homepage metadata captured,https://www.instantscripts.com.au/,"InstantScripts - Fast, Safe & Secure Online Prescriptions in Australia Online scripts, telehealth consultations and prescription medication delivered to your door. Conveniently manage your health with InstantScripts®. Join more than 2 million Australians who have saved time and money with InstantScripts®."
Rosterfy,rosterfy.com,https://rosterfy.com/careers,Melbourne,"Volunteer and workforce management platform for events and nonprofits, Melbourne VIC HQ",Medium - first-party homepage metadata captured,https://www.rosterfy.com:443/,"Volunteer Management Software | Rosterfy Rosterfy volunteer management software automates recruitment, onboarding, scheduling and reporting so organisations save admin time and ensure compliance."
Entegy,entegy.com.au,https://entegy.com.au/careers,Melbourne,"Event technology platform with mobile apps badging and lead capture for conferences, Melbourne VIC HQ",Medium - first-party homepage metadata captured,https://entegy.events/,Entegy - Event Management Platform Professional event management platform for modern businesses
Yarno,yarno.com.au,https://yarno.com.au/careers,Melbourne,"Mobile microlearning and spaced-repetition quizzes for deskless workforce training, Melbourne VIC HQ",Medium - first-party homepage metadata captured,https://www.yarno.com.au/,"Yarno — Made for teams. Built for learning. Powered by AI. Yarno is a gamified microlearning platform that helps teams learn, engage, and retain knowledge."
Curation Corp,curationcorp.com,https://curationcorp.com/careers,Sydney,"AI-curated news and media monitoring for investment and risk intelligence, Sydney NSW HQ",Medium - first-party homepage metadata captured,https://ai.curationcorp.com/,"Curation - AI-Powered Investment Research Make better informed investment decisions with AI that synthesises community insights, market data, and expert analysis into actionable research."
AccessPay,accesspay.com.au,https://accesspay.com.au/careers,Brisbane,"NDIS and aged care software for plan management and rostering, Brisbane QLD HQ",Medium - first-party homepage metadata captured,https://accesspay.com.au,"Home - AccessPay Pty Ltd As a salary packaging and employee benefits provider to the not-for-profit sector, we could help you to use your pre-tax salary to buy a new car, pay for daily expenses and more."
Buildpass,buildpass.com.au,https://buildpass.com.au/careers,Sydney,"Construction safety and site induction compliance app, Sydney NSW HQ",Medium - first-party homepage metadata captured,https://www.buildpass.ai/,"AI-Powered Construction Project Management Software | Builders Software Australia | BuildPass AU Discover BuildPass, construction software for builders. Boost efficiency and compliance with easy-to-use software."
Vocus Group,vocus.com.au,https://vocus.com.au/careers,Melbourne,"Fibre network infrastructure and wholesale broadband for enterprise and carriers, Melbourne VIC HQ",Medium - first-party homepage metadata captured,https://www.vocus.com.au/,"Vocus - Fibre and Network Solutions Provider | Vocus Chevron Down Arrow Right Arrow Right P INT NET Ethernet Modified P INT NET Vocus Satellite Starlink Modified Arrow Right P BizPhone P UC COL Vocus Collaborate Powered By Zoom Modified Arrow Right P DATA SEC DDoS Arrow Right Arrow Right Arrow Right Chevron Down Arrow Right P DATA SEC SD WAN P UC COL Vocus Collaborate Powered By Zoom Modified G Business Satellite Ground Station Modified Vocus is Australia's specialist provider of fibre, network, and business solutions for businesses, government, and wholesale."
Notiv,notiv.com,https://notiv.com/careers,Sydney,"AI meeting transcription and action item extraction for sales teams, Sydney NSW HQ",Medium - first-party homepage metadata captured,https://notiv.com,"Notiv - AI Meeting Recorder & Notetaker for teams Notiv is an AI-driven Notetaker for you to record, transcribe and summarize your meetings to generate agendas on all web conferencing platforms like Zoom."
Aerobotics,aerobotics.com,https://aerobotics.com/careers,Sydney,"Drone and satellite precision agriculture analytics for citrus and tree crops, Sydney NSW AU office",Medium - first-party homepage metadata captured,https://aerobotics.com,"Aerobotics | Leading yield forecast technology for fruit companies Aerobotics helps fruit growers, packers and marketers forecast yields using accurate size, color and quality measurements from smartphone imagery."
Braiins,braiins.com,https://braiins.com/careers,Sydney,"Bitcoin mining pool and firmware optimisation, Sydney NSW AU office",Medium - first-party homepage metadata captured,https://braiins.com,"Braiins | Bitcoin mining ecosystem Mine more bitcoin with Braiins tools: mining pool, management system, firmware, hardware, education & more."
Venn Group AU,venngroup.com,https://venngroup.com/careers,Brisbane,"Technology and digital recruitment agency, Brisbane QLD HQ",Medium - first-party homepage metadata captured,https://www.venngroup.com/,"Complete recruitment solutions for all your staffing | Venn Group Recruiting at every level our staffing solutions support interim, contract, permanent, locum and project jobs."
Cyara,cyara.com,https://cyara.com/careers,Melbourne,"CX assurance and contact centre testing automation platform, Melbourne VIC HQ",Medium - first-party homepage metadata captured,https://cyara.com,Cyara - the AI trust company for customer experience Proof before launch. Vigilance in production. Cyara proves AI agents before deployment and scores every live customer conversation in production.
Astute Payroll,astutepayroll.com,https://astutepayroll.com/careers,Sydney,"SaaS payroll and workforce management for hospitality and retail, Sydney NSW HQ",Medium - first-party homepage metadata captured,https://astutepayroll.com,Home - Astute Payroll Uncover how smart technology makes complexity easy to manage.
Fletch AI,fletch.ai,https://fletch.ai/careers,Melbourne,"Conversational AI platform for insurance customer triage and claims support, Melbourne VIC HQ",Medium - first-party homepage metadata captured,https://www.f5.com/company/blog/how-agentic-ai-simplifies-cybersecurity-and-modern-threat-management,"How Agentic AI Simplifies Cybersecurity and Modern Threat Management | F5 Fletch’s agentic AI capabilities will be fully integrated into the F5 Application Delivery and Security Platform, transforming how teams navigate modern security chaos."
Minfos,minfos.com.au,https://minfos.com.au/careers,Sydney,"Pharmacy dispensing and point-of-sale software for independent pharmacists, Sydney NSW HQ",Medium - first-party homepage metadata captured,https://www.minfos.com.au/,Minfos | Everything you need to manage a successful pharmacy Your all-in-one pharmacy management software. A single solution to manage an efficient dispensary and a profitable retail business.
Yabble,yabble.com,https://yabble.com/careers,Auckland,"AI-powered consumer research and insight generation platform, Sydney NSW AU office",Medium - first-party homepage metadata captured,https://www.yabble.com/,"Yabble | Effortless insights are as easy as 1, 2, 3 Yabble. From revolutionary Virtual Audiences that give you insights in minutes, to a suite of AI tools that allow you to analyze your data 1000x faster than a human – Yabble is the leading AI solution for every stage of research."
Arloid Automation,arloid.com,https://arloid.com/careers,Sydney,"AI HVAC optimisation for building energy efficiency and carbon reduction, Sydney NSW HQ",Medium - first-party homepage metadata captured,https://arloid.com,arloid. | the ultimate AI solution for energy saving Arloid is an AI solution that learns to automatically adjust HVAC settings based on changing environmental conditions.
Spendless,spendless.com.au,https://spendless.com.au/careers,Brisbane,"Personal finance management and spending insights app, Brisbane QLD HQ",Medium - first-party homepage metadata captured,https://www.spendless.com.au/,Women Shoes | Men | Kids | Accessories | Spendless Shoes
Springday,springday.com.au,https://springday.com.au/careers,Sydney,"Corporate wellbeing and employee health challenge platform, Sydney NSW HQ",Medium - first-party homepage metadata captured,https://myspringday.com.au/,"Corporate wellbeing platforms for happier, healthier employees | Springday Campaigns Gmified Engagement Tools Reporting Engagement Loyalty_Hover Absenteeism_Hover Productivity_Hover We curate custom corporate wellbeing platforms for organisations to empower their employees to improve their health and wellbeing."
Kablamo,kablamo.com.au,https://kablamo.com.au/careers,Sydney,"Cloud engineering and DevSecOps consultancy for regulated industries, Sydney NSW HQ",Medium - first-party homepage metadata captured,https://www.kablamo.com.au/,"We Design and Build Intelligent Software | Kablamo Kablamo is an Australian technology consultancy delivering cloud software, data & AI, human-centred design, and technology transformation for enterprise clients."
Geographe,geographe.com.au,https://geographe.com.au/careers,Busselton,"Precision agriculture and variable rate application technology for broadacre farming, Busselton WA HQ",Medium - first-party homepage metadata captured,https://geographe.com.au,"Heavy Equipment Parts and Solutions for Miners | Geographe Partner with Geographe for Enhanced Performance (EP) Wear Parts & Specialised Tooling solutions to improve mining fleet uptime, enhance safety, and reduce maintenance costs."
Barton Deakin,bartondeakin.com,https://bartondeakin.com/careers,Sydney,"Government relations and political risk advisory, Sydney NSW HQ",Medium - first-party homepage metadata captured,https://bartondeakin.com,"Barton Deakin Government Relations If your company needs to engage with government, Barton Deakin can help. We are the premier government relations firm in Australia."
Rayner,rayner.com.au,https://rayner.com.au/careers,Hobart,"Tasmanian agricultural data analytics and food provenance tracing, Hobart TAS HQ",Medium - first-party homepage metadata captured,https://www.rayner.com.au/,Home - Rayner Real Estate
GreenSync,greensync.com.au,https://greensync.com.au/careers,Melbourne,"Grid-edge energy management and distributed energy resource orchestration, Melbourne VIC HQ",Medium - first-party homepage metadata captured,https://greensync.com/,"GreenSync - Digitally enabling renewable energy for a better world The future of flexible, distributed, digital energy has arrived. See what we're doing to support the energy industry be empowered and thrive."
CoreLogic AU,corelogic.com.au,https://corelogic.com.au/careers,Sydney,"Property data analytics and automated valuation for banking and real estate, Sydney NSW HQ",Medium - first-party homepage metadata captured,https://www.cotality.com/,Cotality™ | Intelligence beyond bounds™ Cotality | See the property ecosystem from every angle to reimagine property data as insights that illuminate what’s next. It’s intelligence beyond bounds.
Tillr,tillr.io,https://tillr.io/careers,Brisbane,"Digitised compliance and permit management for venues and hospitality, Brisbane QLD HQ",Medium - first-party homepage metadata captured,https://tillr.io,Home - Tillr [pl_row] [pl_col col=12] [pl_text] About Hestia Need more details? Please check our full documentation for detailed information on how to use Hestia. [/pl_text] [/pl_col] [/pl_row]
Insentra,insentra.com,https://insentra.com/careers,Sydney,"Microsoft 365 and Azure deployment and managed services for partners, Sydney NSW HQ",Medium - first-party homepage metadata captured,https://www.insentragroup.com/au/,"Global Professional & Managed IT Services - Insentra Australia Insentra delivers professional and managed IT services globally, exclusively through IT partners and vendors for their clients. - Australia"
Alembic Strategy,alembic.com.au,https://alembic.com.au/careers,Melbourne,"Digital analytics and marketing attribution consulting, Melbourne VIC HQ",Medium - first-party homepage metadata captured,https://alembic.com.au,Accelerated Software Delivery — Alembic Is your software ready for what's coming?
Sherlok,sherlok.com.au,https://sherlok.com.au/careers,Sydney,"Automated mortgage repricing and broker retention platform using lender API data, Sydney NSW HQ",Medium - first-party homepage metadata captured,https://www.sherlok.com.au/,"Sherlok - Sherlok What’s included How it works Waitlist Open my portal What’s included How it works Waitlist Open my portal InstantAPPLY is live for Sherlok customers Applications done in minutes.More loans written. InstantAPPLY handles the fact-find, scenario comparisons, product selection, bank statements, and credit reports. Now in every Sherlok subscription, at no extra cost. Open my portal […]"
Agridigital,agridigital.io,https://agridigital.io/careers,Sydney,"Grain supply chain management and payments platform for growers and traders, Sydney NSW HQ",Medium - first-party homepage metadata captured,https://www.agridigital.io/,"AgriDigital | Australia's leading grain management software Our digital grain management software connects data, inventory and finance all in one place. We work with farmers, site operators, traders, brokers and consumers. AgriDigital software is cloud based so you can access anywhere, anytime. Grow with us."
Jemena,jemena.com.au,https://jemena.com.au/careers,Sydney,"Gas and electricity network distribution and IoT metering infrastructure, Sydney NSW HQ",Medium - first-party homepage metadata captured,https://www.jemena.com.au/,"Home  | Jemena Apply now for our 2027 Graduate Program We're offering grants of up to $10,000 to organisations that provide support and services to First Nations people. Applications close at 5pm on Sunday 21 June."
Interlate,interlate.com,https://interlate.com/careers,Brisbane,"AI and data engineering services for retail and telecommunications, Brisbane QLD HQ",Medium - first-party homepage metadata captured,https://www.interlate.com/,"Home - Interlate We empower you! Combining our SaaS offer with the onsite experience of our highly skilled operational and process engineering professionals, we support minerals processing operational professionals in their journey towards achieving their goals and finding latent value. Contact Us Software as aService Leveraging the domain knowledge and onsite experience of our highly skilled operational and […]"
Octet,octet.com.au,https://octet.com.au/careers,Sydney,"Supply chain finance and debtor finance platform for importers and exporters, Sydney NSW HQ",Medium - first-party homepage metadata captured,https://www.octet.com/,"Working Capital & B2B Business Finance Solutions | Octet Octet provides Australian businesses with smarter working capital and payment solutions. Unlock funding, improve cash flow, and streamline global trade."
ecoPortal,ecoportal.com,https://ecoportal.com/careers,Auckland,"Health safety and environment management software for complex industries, Sydney NSW AU office",Medium - first-party homepage metadata captured,https://www.ecoportal.com/,Safety Software for Enterprises in New Zealand | ecoPortal New Zealand’s leading Workplace Health and Safety software streamlines reporting and information management to help companies maintain WHS compliance standards
Prezzee,prezzee.com,https://prezzee.com/careers,Sydney,"Digital gift card marketplace and corporate gifting platform, Sydney NSW HQ",Medium - first-party homepage metadata captured,https://prezzee.com/en-us,"Digital Gift Cards | Prezzee US The perfect personalised gift for any occasion — send a Prezzee eGift card that lets them choose from hundreds of brands. Buy, send, and store instantly."
Skoolbag,skoolbag.com.au,https://skoolbag.com.au/careers,Sydney,"School-parent communication and notification app used by Australian primary schools, Sydney NSW HQ",Medium - first-party homepage metadata captured,https://audiri.com.au/,"Communication simplified - Trusted by schools, RTO's and membership organisations ""The #1 communications app, Audiri streamlines communication, payments, meetings and events via one centralised system."""
Nexgen,nexgen.net.au,https://nexgen.net.au/careers,Townsville,"Regional IT managed services and NBN connectivity for North Queensland, Townsville QLD HQ",Medium - first-party homepage metadata captured,https://nexgen.net.au,"NexGen – Next-generation SEO tools to Nex Gen — Premium SEO Tools & Services Nex Gen offers premium SEO services — citations, backlinks, blog posts, guest posts and SEO automation — at competitive prices. Create your account and boost your rankings."
Localsearch,localsearch.com.au,https://localsearch.com.au/careers,Gold Coast,"Local business digital marketing and directory platform, Gold Coast QLD HQ",Medium - first-party homepage metadata captured,https://www.localsearch.com.au:443/,"Localsearch | Find Local Businesses Australia with Reviews Find thousands of local businesses, read & write reviews, request quotes & more. Are you an Aussie business owner? Take a look at our complete digital marketing service."
Intopia,intopia.digital,https://intopia.digital/careers,Sydney,"Digital accessibility consulting and testing for government and enterprise, Sydney NSW HQ",Medium - first-party homepage metadata captured,https://intopia.digital,"Home - Intopia We specialise in WCAG 2.2, web accessibility testing and auditing, user research with people with disabilities, training, and consultancy."
ProNavigator,pronavigator.ai,https://pronavigator.ai/careers,Sydney,"AI-powered insurance knowledge base and product recommendations for brokers, Sydney NSW AU office",Medium - first-party homepage metadata captured,https://www.guidewire.com:443/products/technology/insurance-ai-from-guidewire/pronavigator,"Guidewire ProNavigator | Guidewire Eliminate decision friction and streamline onboarding across your underwriting, claims, and service teams with an insurance-trained knowledge management system. Learn more about Guidewire ProNavigator."
Ezypay,ezypay.com,https://ezypay.com/careers,Sydney,"Subscription billing and recurring payment infrastructure for fitness and wellness, Sydney NSW HQ",Medium - first-party homepage metadata captured,https://www.ezypay.com/,"Subscription Payments & Direct Debit Solutions | Ezypay Ezypay is the leading subscription payments and direct debit provider in Asia Pacific, helping businesses of all sizes power their regular billing."
Ferocia,ferocia.com.au,https://ferocia.com.au/careers,Melbourne,"App design studio behind Up Bank built on Bendigo and Adelaide Bank, Melbourne VIC HQ",Medium - first-party homepage metadata captured,https://ferocia.com.au,"Ferocia — Software Designed To Delight On paper, Ferocia is a bank. In practice, we're a tech company driven by a tight-knit crew of innovative thinkers on a mission to reinvent banking. In 2018, in collaboration with Bendigo Bank, we launched Up — an entirely digital bank designed to make financial wellbeing engaging and accessible. Find out more about our core teams and the latest available roles at Ferocia."
Hypertune,hypertune.com,https://hypertune.com/careers,Sydney,"Feature flag and A/B testing infrastructure with GraphQL-based config, Sydney NSW HQ",Medium - first-party homepage metadata captured,https://www.hypertune.com/,"Hypertune | Type-safe, Git-based feature flags, experimentation, analytics, and app configuration Hypertune is the most flexible platform for feature flags, experimentation, analytics, and app configuration. Optimized for TypeScript, React, and Next.js."
Agora,agora.io,https://agora.io/careers,Sydney,"Real-time voice video and interactive live streaming SDK for app developers, Sydney NSW AU office",Medium - first-party homepage metadata captured,https://www.agora.io/en/,"Real-Time Engagement & Conversational AI Platform | Agora Build ultra-low latency voice, video, chat, and voice AI experiences for meaningful human-to-human and human-to-AI conversations, with flexible APIs and no-code & low-code tools."
Tractor Ventures,tractorventures.com,https://tractorventures.com/careers,Melbourne,"Revenue-based financing for B2B SaaS companies in ANZ, Melbourne VIC HQ",Medium - first-party homepage metadata captured,https://www.tractorventures.com/,"Tractor Ventures Tractor Ventures does not believe in unnecessary dilution for Australian and New Zealand technology startups. We provide funding alternatives so that teams know where to invest in growth, and what the true cost of capital is."
Pocketed,pocketed.com.au,https://pocketed.com.au/careers,Sydney,"Automated government grant discovery and application assistant for SMEs, Sydney NSW HQ",Medium - first-party homepage metadata captured,https://pocketed.com.au,pocketed.com.au Launching Soon
Behavox AU,behavox.com,https://behavox.com/careers,Sydney,"Compliance surveillance and conduct risk AI for financial services trading floors, Sydney NSW AU office",Medium - first-party homepage metadata captured,https://behavox.com,"Behavox — AI Compliance and Conduct Surveillance AI-native compliance and conduct surveillance for financial institutions — Quantum, Polaris, Pathfinder, Trident and Poseidon on one platform."
Taggle Systems,taggle.com.au,https://taggle.com.au/careers,Adelaide,"Low-power wide-area IoT network for smart water and utilities metering, Adelaide SA HQ",Medium - first-party homepage metadata captured,https://taggle.com/,"Taggle - Digital Water Metering and Water Management Taggle provides an integrated end-to-end digital water metering solution for councils and utilities, saving water for a sustainable future."
Pnyx,pnyx.com.au,https://pnyx.com.au/careers,Canberra,"Deliberative democracy and digital engagement platform for government consultation, Canberra ACT HQ",Medium - first-party homepage metadata captured,https://www.pnyx.com.au/,"Comm.care by Pnyx — Care Management Software for NDIS and Aged Care Providers | Comm.care by Pnyx Comm.care by Pnyx is care management software built for Australian NDIS and aged care providers. Rostering, progress notes, billing, compliance — all in one platform."
Everty,everty.com.au,https://everty.com.au/careers,Sydney,"EV charging hardware and software management platform for strata and fleets, Sydney NSW HQ",Medium - first-party homepage metadata captured,https://everty.com.au,EV Charging Australia: EV Charging Management Software I Everty Managing an EV Charging Station in Australia with Everty is easy & stress-free. Charging Management Software & Solutions to help your business thrive.
Liminal BioSciences AU,liminalbiosciences.com,https://liminalbiosciences.com/careers,Melbourne,"Plasma-derived and synthetic therapeutics for rare metabolic diseases, Melbourne VIC AU office",Medium - first-party homepage metadata captured,https://liminalbiosciences.com,Liminal BioSciences - Homepage
Inauro,inauro.com.au,https://inauro.com.au/careers,Sydney,"AWS-native IoT platform for industrial sensor onboarding and data streaming, Sydney NSW HQ",Medium - first-party homepage metadata captured,https://www.inauro.com.au/,"Inauro Wealth Management Comprehensive, professional financial advice and wealth management for individuals and families."
Samsara Networks AU,samsara.com,https://samsara.com/careers,Sydney,"Connected operations platform with telematics sensors and AI dashcams for fleets, Sydney NSW AU office",Medium - first-party homepage metadata captured,https://www.samsara.com/,"Samsara | The Connected Operations Platform Samsara's connected operations platform helps 20,000+ operations improve safety, cut costs, and run smarter — built with operators."
Weel,weel.com.au,https://weel.com.au/careers,Sydney,"Corporate virtual cards and expense management with real-time policy controls, Sydney NSW HQ",Medium - first-party homepage metadata captured,https://letsweel.com/,"Weel: All-in-One Expense Management & AP Automation Weel is the all-in-one platform for finance teams. Issue smart corporate cards, automate accounts payable, and control company spend, all in one place."
Monash IVF,monashivf.com,https://monashivf.com/careers,Melbourne,"IVF clinic network with proprietary embryo culture and genetic testing technology, Melbourne VIC HQ",Medium - first-party homepage metadata captured,https://monashivf.com,"Monash IVF Australia |  Fertility Specialists — Monash IVF Starting a family isn’t always easy, it takes real bravery. That’s why our team of fertility specialists at Monash IVF Australia are here to support you on your journey. We provide the best fertility treatments & care."
Preezie,preezie.com,https://preezie.com/careers,Melbourne,"Guided selling and online product recommendation quiz platform for retailers, Melbourne VIC HQ",Medium - first-party homepage metadata captured,https://preezie.com,"#1 AI Shopping Assistant / Agent for 10% more revenue | preezie preezie is the AI Shopping Assistant trusted by PUMA and Arc’teryx. With built in controls, it sells like in-store staff, driving 5–10%+ revenue lift."
Aiven AU,aiven.io,https://aiven.io/careers,Sydney,"Open source data infrastructure cloud services including Kafka and PostgreSQL, Sydney NSW AU office",Medium - first-party homepage metadata captured,https://aiven.io,"Aiven - Your AI-ready Open Source Data Platform Aiven is an AI-ready open source data platform that combines open-source services to rapidly stream, store and serve data across major cloud providers — simply and securely."
Pave Finance,pavefinance.com.au,https://pavefinance.com.au/careers,Brisbane,"Student loan refinancing and young professional finance platform, Brisbane QLD HQ",Medium - first-party homepage metadata captured,https://pavefinance.com.au,"Pave Finance Group Unlocking Potential, Together."
Pozi,pozi.com,https://pozi.com/careers,Melbourne,"GIS web mapping and spatial data management for local government councils, Melbourne VIC HQ",Medium - first-party homepage metadata captured,https://pozi.com,"- Pozi Simple. Affordable. Powerful GIS. Proudly Australian Made & Owned Developed and Supported Locally Insightful Maps, Informed Decisions Cloud-Based & Connected Pozi empowers public data through a cloud-based platform, with easy admin and seamless integration into enterprise systems. Design in QGIS & Publish in Pozi Powered by QGIS, Pozi is an easily adoptable solution that makes […]"
CarbonLink,carbonlink.com.au,https://carbonlink.com.au/careers,Sydney,"Australian carbon credit origination and registry connectivity for landholders, Sydney NSW HQ",Medium - first-party homepage metadata captured,https://carbonlink.com.au,Soil Carbon Farming Australia | CarbonLink CarbonLink offers an end-to-end carbon farming solution for Aussie farmers. Proven & advanced science for carbon farming. Book a free consultation.
Haventec,haventec.com,https://haventec.com/careers,Sydney,"Passwordless multi-factor authentication using distributed key cryptography, Sydney NSW HQ",Medium - first-party homepage metadata captured,https://www.haventec.com/,"High Assurance Authentication Engine | Haventec We provide the world's #1 authentication engine to transform security, accessibility and experience."
Clevertar,clevertar.com,https://clevertar.com/careers,Adelaide,"Conversational avatar agents for government service delivery and aged care, Adelaide SA HQ",Medium - first-party homepage metadata captured,https://www.clevertar.com/,"Clevertar | Australia's #1 AI Partner for Customer Engagement Clevertar builds AI customer support agents for Australian retailers and enterprises resulting in an average 25% conversion uplift, 40–60% support cost reduction, & >20× ROI. Adelaide-based. Book a discovery call."
Xref,xref.com,https://xref.com/careers,Sydney,"Automated reference checking and candidate screening platform, Sydney NSW HQ",Medium - first-party homepage metadata captured,https://www.xref.com/,"Xref | Build better teams with employer intelligence Xref is the easiest way to make data driven HR decisions - hire with confidence, build culture with clarity, and turn attrition into retention."
Mobi Solutions,mobisolutions.com.au,https://mobisolutions.com.au/careers,Darwin,"Mobile workforce and field service management for NT government and utilities, Darwin NT HQ",Medium - first-party homepage metadata captured,https://www.mobisolutions.com.au/,Home | Mobi Solutions
Haiku Deck AU,haikudeck.com,https://haikudeck.com/careers,Sydney,"AI-powered presentation creation for sales and marketing teams, Sydney NSW AU office",Medium - first-party homepage metadata captured,https://haikudeck.com,Haiku Deck: Presentation Software and Online Presentation Tools Create presentations that inspire. Use Haiku Deck to build your next presentation 10x faster and more beautiful than other presentation tools. Sign up for free.
Zutec AU,zutec.com,https://zutec.com/careers,Sydney,"Construction quality management and handover documentation platform, Sydney NSW AU office",Medium - first-party homepage metadata captured,https://zutec.com,"ConTech and PropTech Software | Zutec (Global) ConTech and PropTech software, providing data management, quality management, handover management and asset management to deliver productivity, compliance and sustainability throughout the building lifecycle."
