company_domain,ats_provider,ats_identifier
1breadcrumb.com,ashby,breadcrumb
actionstep.com,workable,actionstep
activepipe.com,smartrecruiters,activepipe
airlockdigital.com,greenhouse,airlockdigital
airtasker.com,ashby,airtasker
airwallex.com,ashby,airwallex
amber.com.au,lever,amberelectric
assignar.com,breezy,assignar
audinate.com,lever,audinate
basiq.io,workable,basiq
bigtincan.com,smartrecruiters,bigtincan
birchal.com,workable,birchal
biteable.com,workable,biteable
blackbird.vc,workable,blackbird
bluerock.com.au,workable,the-blue-rock
brighte.com.au,lever,brighte
bugcrowd.com,greenhouse,bugcrowd
buildkite.com,greenhouse,buildkite
canva.com,smartrecruiters,canva
carsales.com.au,smartrecruiters,carsales
catapult.com,greenhouse,catapultsports
catch.com.au,ashby,catch
covergenius.com,pinpoint,covergenius
creditorwatch.com.au,workable,creditorwatch
cultureamp.com,greenhouse,cultureamp
cyara.com,lever,cyara
cybercx.com.au,smartrecruiters,cybercx
deputy.com,lever,deputy
dovetail.com,ashby,dovetail
droneshield.com,greenhouse,droneshield
dug.com,breezy,dug
easyagile.com,lever,easyagile
easygo.gg,greenhouse,easygo
edrolo.com.au,breezy,edrolo
ela.space,smartrecruiters,equatoriallaunchaustralia
enboarder.com,greenhouse,enboarder
envato.com,lever,envato-2
eucalyptus.vc,greenhouse,eucalyptus
finclear.com.au,smartrecruiters,finclear
flarehr.com,smartrecruiters,flarehr
harrison.ai,ashby,harrison.ai
heidihealth.com,ashby,heidihealth.com.au
hellostake.com,breezy,stake
hipages.com.au,greenhouse,hipagesgroup
hysata.com,greenhouse,hysata
ignitionapp.com,ashby,ignition
immutable.com,lever,immutable
insentra.com,breezy,insentra
instantscripts.com.au,smartrecruiters,instantscripts
intellihr.com,pinpoint,intellihr
judobank.com.au,smartrecruiters,judobank
kagome.com.au,smartrecruiters,kagome
kasada.io,lever,kasada
koala.com,workable,koala
kogan.com,lever,kogan
legalvision.com.au,workable,legalvision
lumary.com.au,lever,Lumary
lumi.com.au,smartrecruiters,lumi
lyka.com.au,workable,lyka
mable.com.au,lever,mable
macquarietechnologygroup.com,lever,macquarietechnologygroup
megaport.com,lever,megaport
morsemicro.com,ashby,morse-micro
mx51.io,greenhouse,mx51
myzeller.com,lever,Zeller
neara.com,ashby,neara
nearmap.com,smartrecruiters,nearmap
netwealth.com.au,ashby,netwealth
nextdc.com,smartrecruiters,nextdc
objective.com,lever,objective
octopus.com,greenhouse,octopusdeploy
ofload.com,workable,ofload
petcircle.com.au,workable,petcircle
pexa.com.au,lever,pexa
plenti.com.au,lever,plenti
polynovo.com,greenhouse,polynovo
preezie.com,pinpoint,preezie
prezzee.com,greenhouse,prezzee
procreate.com,lever,procreate
propeller.com,workable,propeller
prospa.com,greenhouse,prospa
q-ctrl.com,lever,q-ctrl
quantium.com.au,greenhouse,quantium
redbubble.com,smartrecruiters,redbubble
reejig.com,workable,reejig
rokt.com,workable,rokt
rumin8.com,lever,rumin8
securecodewarrior.com,lever,securecodewarrior
seek.com.au,smartrecruiters,seek
sendle.com,greenhouse,sendle
shift.com.au,ashby,shift
sitemate.com,ashby,sitemate
siteminder.com,ashby,siteminder
skedulo.com,pinpoint,skedulo
sonder.io,pinpoint,sonder
spaceship.com.au,greenhouse,spaceship
splend.com.au,lever,splend
sqc.com.au,greenhouse,sqc
stax.io,lever,stax
stileeducation.com,workable,stileeducation
sundrive.com,lever,sundrivesolar
theiconic.com.au,greenhouse,theiconic
tibra.com,workable,tibra-capital-1
up.com.au,ashby,ferocia
upguard.com,ashby,upguard
vast.energy,ashby,vast
versent.com.au,smartrecruiters,versent
vgw.co,greenhouse,vgw
vowfood.com,ashby,vow
weploy.com.au,greenhouse,weploy
whogivesacrap.org,greenhouse,whogivesacrap
wisr.com.au,lever,wisr
xplortechnologies.com,smartrecruiters,Xplor
yourtracksuit.com,ashby,tracksuit
zip.co,ashby,zip
